x_position,y_position,x_width,y_width,strength
0.4865892701793848,0.5983550822459,0.2453183973156351,0.5199931407262052,0.0
0.4919082304082079,0.6179675406395445,0.2820547122675463,0.5162700714788635,0.0
0.49528608028292326,0.5978748524634989,0.26344217737805237,0.5189810590888719,0.0
0.5195660819483483,0.5887502952219883,0.2858526357982145,0.5141335517498619,0.0
0.5108527610511748,0.5752384878250898,0.2808326310979492,0.5148387033562611,0.0
0.5158386604622915,0.5730770482735896,0.3015168885191487,0.5136943903577765,0.0
0.5093029051658942,0.5654419115819719,0.32866765103469275,0.5129706776864772,0.0
0.5154028967614909,0.5627270650637225,0.3455819611347242,0.5087537491614802,0.0
0.5085495288305533,0.5708965452238283,0.31688468926587526,0.5084272484302613,0.0
0.5263420605066935,0.5705150041532768,0.3345603223090287,0.5110376177171884,0.0
0.5246389337010214,0.5825036717039646,0.3065623033125517,0.5098874663340272,0.0
0.4968208135070214,0.588630731345053,0.3052405672791459,0.5078517756167295,0.0
0.49959240278796047,0.5930361867099205,0.3159020987483056,0.5012597326285121,0.0
0.4974806623996153,0.5965559995107992,0.2770315574443795,0.5105965271361408,0.0
0.5142983328812344,0.5964793020251673,0.2951221376241079,0.5112625676803536,0.0
0.517584389495979,0.5844402832713218,0.31380841528057724,0.5081124758324957,0.0
0.5104186093366277,0.5831060472184518,0.32744429077855886,0.5048726756438109,0.0
0.5598699475069087,0.5749809065352567,0.39022348896472564,0.49772708948047195,0.0
0.5224383235982045,0.5736717618415546,0.37121717560178885,0.49941312573434904,0.0
0.5066002686965579,0.5867328012594543,0.3291938425070656,0.5053179743335231,0.0
0.49812240348863723,0.595715904445796,0.3461580710938368,0.5065322229075785,0.0
0.5248158737844885,0.6011885803040802,0.35013719617480044,0.4998686360683858,0.0
0.5312493075744441,0.6079783871088154,0.3316870084639827,0.4963378483675936,0.0
0.5226770472698868,0.6130936081099414,0.31861319014833556,0.4973827053870944,0.0
0.5068447374691946,0.6290125054158799,0.2949527112218387,0.5020209065479003,0.0
0.510081316813909,0.6242748713194901,0.31265441239786257,0.49526281578189796,0.0
0.490977592538182,0.6228927543819768,0.3185601983800284,0.49249650329563677,0.0
0.48986377449895174,0.6094060565369038,0.3262586419615492,0.4902793263326897,0.0
0.5011780898630982,0.617955311416202,0.3247245753725656,0.49405503723800215,0.0
0.5084938765083012,0.6275395368422988,0.32582313507581473,0.491125261431271,0.0
0.5041213311863788,0.6340769960107999,0.32884636178139753,0.4927886909656464,0.0
0.5096179223602479,0.6414972931442243,0.3147849060934904,0.4939510385072288,0.0
0.5160910743150352,0.6325374834691732,0.31505697939064153,0.4885775687904732,0.0
0.5005304761538963,0.636892759480935,0.3011499922214331,0.490202245564771,0.0
0.51333962911279,0.6414607043713886,0.3086456899026112,0.4902032157291868,0.0
0.5092525922359702,0.6327664378974802,0.31691574303787523,0.49748060728407695,0.0
0.5140682071200132,0.60520679893548,0.30852172831600505,0.49128174056332163,0.0
0.509642207149336,0.5761148026865186,0.3160186978087424,0.48162727169050285,0.0
0.49249793020432964,0.573309212746706,0.3012860062099661,0.47835583399040493,0.0
0.503080599792831,0.5738393346690049,0.3152550874020487,0.4818658205274096,0.0
0.5060376324959012,0.5684974797118902,0.3134300332629814,0.47302439257681334,0.0
0.4794048286403404,0.5778193036009074,0.3196839346528311,0.485280654136593,0.0
0.5052558922822155,0.5868919771746917,0.30890246558438894,0.49917367877586205,0.0
0.5208186500024579,0.5744960098159088,0.30723714192815876,0.4949441482095672,0.0
0.4985452189064081,0.5870026773149113,0.30799063071032096,0.49703152238327314,0.0
0.5039819396235677,0.5845069737420879,0.32741693172857117,0.4992913217237248,0.0
0.5170909625205251,0.5640054697543102,0.2910735103537871,0.483924063238034,0.0
0.5343667109929396,0.5536859091144555,0.3586664734906342,0.468709839044383,0.0
0.5329989230446356,0.5419234066628905,0.35661343312740384,0.4600192050819964,0.0
0.5230451145930136,0.5344959482271048,0.3416366665700491,0.46026219326968354,0.0
0.5162751231733854,0.5168031516908285,0.3292593787015554,0.4483002094113453,0.0
0.506907862935757,0.5252868379315865,0.2988327794124835,0.4502881962200145,0.0
0.5000925297271166,0.533456443461902,0.25874281532117616,0.4663541859053473,0.0
0.4378180017777121,0.5163759493793252,0.23286527211587146,0.4700833688104434,0.0
0.4952333943613741,0.5482036790259042,0.3468843175171447,0.46681904866031015,0.0
0.5206343526605468,0.5428483099290486,0.37759205099298293,0.4599918319088105,0.0
0.5096958138938186,0.5557170674036341,0.37090684969939974,0.4620153632133669,0.0
0.5205278702730036,0.5606394306029959,0.3544714048609061,0.46179120042657096,0.0
0.49905939119397846,0.5695114965953146,0.366616951260452,0.46342598774841365,0.0
0.48653345592877834,0.5873610869270427,0.3644788460910591,0.4633805592434608,0.0
0.48221930413243497,0.5961897443286442,0.3730797636906905,0.46834894844864083,0.0
0.4863908908909623,0.6145318091194056,0.37812206136046295,0.4711227654354563,0.0
0.5026438444897561,0.6194793586701478,0.35675440058012564,0.4727895916595918,0.0
0.4886956538753256,0.6182993010260204,0.35421976174909775,0.4745000679422148,0.0
0.4933937146354192,0.6262467391118791,0.3406743279230155,0.47668821096378483,0.0
0.49572203872278586,0.6279972628109752,0.3554240828990895,0.4738266459027691,0.0
0.4964295507699742,0.6200796019505463,0.3558924294070919,0.4745855523218156,0.0
0.5278829134938554,0.6129878049902423,0.3601796087445508,0.4827521152072386,0.0
0.5060497683044856,0.5992656276966666,0.3380489434324033,0.49340742554083755,0.0
0.4737388242170545,0.5853935524299549,0.2758631892911677,0.49943713126522027,0.0
0.5190180033392562,0.6039035438489407,0.2817410654922481,0.4927926830026729,0.0
0.5187530689212027,0.6041997419432825,0.2765789442177394,0.49395148799491484,0.0
0.5050831959262838,0.6225632953707338,0.3561789261690238,0.48110045196019185,0.0
0.5166656946399631,0.6345533667222987,0.369905838010241,0.4819056210895866,0.0
0.49513546759691396,0.6320472062919659,0.3647244397661365,0.48252613142812417,0.0
0.5001142076832854,0.639887068377946,0.37453948785934216,0.4790950591489379,0.0
0.4866838799842704,0.6473800413590652,0.37386154724985193,0.47897767968195165,0.0
0.4944424542795088,0.6503149908681324,0.3701135065741374,0.4764417119975846,0.0
0.49550582719395553,0.6383957443617918,0.36568740821934087,0.4797490296853279,0.0
0.5098857861470631,0.6395160826768226,0.36800915983892674,0.48124085005290057,0.0
0.5068829951797479,0.5722190906474999,0.3658241701545256,0.47627031815428666,0.0
0.5580111315811989,0.47018548852882813,0.4450369544406504,0.3494087341996305,0.0
0.5088936784114808,0.2420988785683805,0.07593021691602783,0.2863209998350463,0.36750808001346963
0.5230617796149628,0.22676993887857738,0.05598233348584542,0.3016043409982366,0.6732051721533592
0.5958830519439668,0.3633737001150642,0.1325872656499304,0.35707778096073883,0.5380648401179395
0.5762754657715295,0.4097117680219543,0.2275211173975553,0.35754444976647276,0.38043756546062324
0.5199804748467475,0.42022223060235714,0.34368626205274466,0.3543929276778197,0.2681991846024077
0.5514648941525926,0.41171959160554006,0.36847773194484174,0.35063998761736115,0.21911530879249738
0.647650835142029,0.3793461800792287,0.24129288274347616,0.35330982247972703,0.22896496710207614
0.565484584206007,0.35922918648232405,0.18248262349978722,0.3529769815369891,0.21010317903872344
0.4913418481721253,0.3593590726822572,0.33918301056618755,0.3572826047243685,0.09349766694886744
0.571970269747724,0.33199195543812976,0.2262980430711803,0.3593879528870429,0.07376186989049174
0.5729213135510269,0.34425957302394233,0.3107133970375563,0.3665647380331638,0.0
0.5876967514351855,0.3559913706670933,0.29908388772598044,0.3790966059692097,0.0
0.5711159382310884,0.42530404304315406,0.36028535020493613,0.39256595368462205,0.0
0.5675381860272866,0.4303451667831083,0.3122323139686736,0.40900969071201154,0.0
0.5999835627185861,0.44590229024264477,0.3217064410153319,0.42455851455686355,0.0
0.52011663642971,0.5318136953397888,0.3475750285790465,0.4592414644210668,0.0
0.5442123593770494,0.6544864607872337,0.27631494002989265,0.397578880780461,0.0
0.5647887214957783,0.6707569228623348,0.3418853493568808,0.3708191162725884,0.0
0.5446410415745307,0.6848733493381247,0.38073075613792734,0.3461595849371814,0.0
0.5255796812150241,0.6912069273411795,0.4055340366760086,0.3345196544830676,0.0
0.4853157684221101,0.6888702626216278,0.42009135926217667,0.35618553115431506,0.0
0.49928915379172867,0.6886591882418744,0.46787519431812324,0.3635058669928215,0.0
0.48758991380918265,0.6714957540973224,0.4426437386769348,0.40322885351224425,0.0
0.49850420756801145,0.5873912275324821,0.20259289002470326,0.4836877317626126,0.0
0.510929347671314,0.6012841168826556,0.2896870416881043,0.4804476908088871,0.0
0.5912426905407985,0.616229983616178,0.30212848428040423,0.4906213928164297,0.0
0.53371891045928,0.6128533553200664,0.2998643446683544,0.4959671141045145,0.0
0.5447074056974974,0.6342248933170351,0.3421941893232798,0.4913688143625531,0.0
0.509262313869942,0.6527268958115918,0.356838676973116,0.47677717599353375,0.0
0.5110121043024591,0.6606806085822272,0.37672498164433577,0.47009620164824023,0.0
0.5529410330745507,0.668170642296455,0.3300219619131692,0.4161716148855788,0.0
0.5738478809855686,0.6938147179714774,0.28303706677029167,0.334261170478508,0.0
0.569914645552648,0.7000494472905325,0.34147688688263267,0.2932189946933341,0.0
0.5917031834409804,0.6958481311055391,0.3788234304399584,0.3320816623723348,0.0
0.5474727083422717,0.7064130901545397,0.4011396760193173,0.3497249298568987,0.0
0.5322895630161616,0.707433805449509,0.46011662466244324,0.3702020109415752,0.0
0.527518896860714,0.6999962172724261,0.4551199637046895,0.38578865954884617,0.0
0.48484198430549574,0.6891399376306585,0.47921980790368474,0.41211039997544124,0.0
0.5184126698333231,0.6815598834573134,0.41347302199256125,0.4435840368807182,0.0
0.4959715350661519,0.6824450886532727,0.4018740934520075,0.45999511340974103,0.0
0.5225948077843834,0.6766231149208127,0.36462845436152125,0.4650009644151663,0.0
0.5139719636790254,0.6805080338627687,0.3894320114091885,0.46580794004111475,0.0
0.5223030315352148,0.6764881864918614,0.3811110554260466,0.4674212435633507,0.0
0.5613302992444106,0.654388550798963,0.38580538711729156,0.4710472609897094,0.0
0.5653323221287321,0.6545672276269155,0.4203235097755332,0.45313827895560016,0.0
0.5378861258569222,0.6886376355980051,0.34934148187083847,0.3550156603936037,0.0
0.5847988019943249,0.7091307372162174,0.28939505236674784,0.22543882509712976,0.0
0.5412323088628892,0.7094187978381175,0.35105054578942047,0.22141071074013374,0.0
0.5087108743521204,0.7042903057605903,0.35544854374861573,0.2586219925836731,0.0
0.5496141121650258,0.708837470865393,0.4023438788832612,0.2811035833742091,0.0
0.497975361259179,0.7057590241536104,0.41862492205461366,0.31412070471324127,0.0
0.5136068659849236,0.697459794321112,0.4388362680927868,0.3621489845860273,0.0
0.5036898948801329,0.6770238582779586,0.42950731442877554,0.4131872952418671,0.0
0.5109261893248153,0.6590921743495142,0.3701767961272668,0.45629780303207584,0.0
0.48929662311102623,0.658626607762362,0.35716099299864157,0.46889306890120147,0.0
0.5025919209437999,0.6592945818598114,0.36264598848610563,0.46903268365308143,0.0
0.5088510760391706,0.6674429055773591,0.35285592309103314,0.46792699484893,0.0
0.5084774251271956,0.6652666731095982,0.3444552479663568,0.4726521994085998,0.0
0.5040437606838625,0.6169735914985022,0.3831571898358556,0.4838680688919129,0.0
0.5631204506653191,0.36808488567972364,0.18955547215104512,0.416651119535755,0.0
0.513242130513742,0.2696599791325608,0.03942300869557125,0.27314907254328186,0.3741520396520549
0.513917943766237,0.24017375246359057,0.05292528700223489,0.2865928624611557,0.6790984047960602
0.5062506474255265,0.33584938718631524,0.11553017345112644,0.32969160491021904,0.5582562170859262
0.4882662821129409,0.3765775068245061,0.18290309854690415,0.3384421459311817,0.41316769959630645
0.5701134208408106,0.4071605388523577,0.28626934254652364,0.34557088955717813,0.30672454653740855
0.5812367703894693,0.40054025986293507,0.22215428415825816,0.3520732890844598,0.27833090748093753
0.54764523512497,0.38232668806283415,0.17175672009168652,0.3469008248173963,0.2595545460254383
0.5414256781684027,0.3837893467828007,0.19529218631023504,0.3384172371596594,0.1844152042491475
0.5488638841389764,0.3635679223682189,0.22178391310291126,0.3355618489820942,0.11494996357419396
0.5310043709671741,0.3449839061185629,0.15455189656376833,0.34081013986700864,0.09446020010406642
0.5056943173437753,0.33540623833122835,0.17085098129639295,0.3429366465673141,0.04198368144944927
0.5313813665267492,0.28400036484774804,0.0969318364607297,0.34431759857736405,0.10112740036934666
0.5197251707260149,0.3059993239273226,0.08735228238490923,0.3565818853652803,0.018348287118521968
0.5357228757377438,0.3052108590293768,0.07218836558199859,0.36899844079219046,0.00721541858158948
0.5254354353845244,0.30689924191535034,0.11323987245235172,0.3899376284787197,0.0
0.49653842114035296,0.4888449995957663,0.37958815056496686,0.4517000694225463,0.0
0.5654134340085009,0.5995085454488837,0.2898812121373338,0.43281768417388516,0.0
0.5817382773465101,0.6334624216259221,0.35309085251884265,0.41426207651724867,0.0
0.5705574002583649,0.6356608526390267,0.3834516444771631,0.4187759425208074,0.0
0.5317268730262157,0.6484574445553524,0.42926888212177117,0.4118027896161637,0.0
0.5462406744978666,0.635872031636247,0.40822828595324456,0.4290551816049944,0.0
0.560840787551535,0.6184192976960456,0.4394638850625495,0.4472963981914046,0.0
0.4996049313139327,0.5958592229380837,0.41722066679612774,0.45392270589691275,0.0
0.5364996214741424,0.5692394448798317,0.4204255496572317,0.4739815068122687,0.0
0.5130247500805718,0.5688949585762162,0.39954708431125086,0.49410980134094584,0.0
0.5444987248859383,0.5779306808969833,0.4310287281931279,0.48849616842919286,0.0
0.5418694387787942,0.5577720009115547,0.42796499980776054,0.48424911567995865,0.0
0.4963251806166589,0.5333630534365902,0.4612479812581167,0.47217492895471674,0.0
0.5054727310286337,0.5373473534277369,0.42421203389192313,0.46581186397114466,0.0
0.5643973072980811,0.5806255996952999,0.37132861824302515,0.47045781817860954,0.0
0.5612912794912457,0.6708479318943906,0.27133494672005604,0.3253381581515471,0.0
0.5452906895902893,0.6823858619491084,0.30078693767015696,0.24544374993587234,0.0
0.5239089906341299,0.6839024575241582,0.36159892177278824,0.21113102178609439,0.0
0.518607389968193,0.6832187129389471,0.3610110081576954,0.2290607450954031,0.0
0.5866650673771702,0.6760717154590994,0.40575797578065725,0.2706947908891317,0.0
0.5613559244615769,0.6624858047085361,0.4124803133424189,0.3246697787935031,0.0
0.4741110774960668,0.6806977121946655,0.3506351839281454,0.33013054806553743,0.0
0.5161296464933094,0.6762387516177947,0.3887956896477891,0.3629251509899926,0.0
0.5054550739660768,0.7004563302095628,0.3238985844855945,0.3148699393589407,0.0
0.5369523077584258,0.7091090081484074,0.29967683793007655,0.28164246395022674,0.0
0.543540164401011,0.7064428180786128,0.4255473577965515,0.29006713535169487,0.0
0.46568043479342325,0.7105097677423294,0.3297281782362398,0.2567314419896423,0.0
0.506697736589385,0.7154350499202097,0.344229359529899,0.24652862763780653,0.0
0.5083562956374617,0.711846793367042,0.3834539664695075,0.2738222586732514,0.0
0.5506447431870524,0.6923001294619113,0.42386117470016077,0.3500258672227066,0.0
0.5019954640239332,0.6698961997463865,0.3742230924239286,0.3977858679629643,0.0
0.5023828360452897,0.7109398814106727,0.24853305017551483,0.3769125802838235,0.0
0.5353024608819276,0.7091949861004279,0.32161192491401835,0.40395295124055286,0.0
0.5392938549195022,0.7015537260686227,0.3404252270164239,0.4293436511356408,0.0
0.4989611838412643,0.7029086395591128,0.3409601002072452,0.43557924107985924,0.0
0.5009696430132631,0.6864373935936553,0.35235355998717316,0.44955115854600974,0.0
0.49705609181817173,0.6565875542389074,0.3531756908203507,0.45421043604729233,0.0
0.5045063314235594,0.6544421765028804,0.35404122858304493,0.45557570853045737,0.0
0.5072895368617029,0.6504903851881251,0.3587540402400343,0.47274610839992226,0.0
0.501147341714405,0.6464132849762172,0.36528250030751613,0.4792007215891719,0.0
0.5125462078760429,0.6484386246439886,0.3594430375875629,0.47743031458995816,0.0
0.5183988484293458,0.6528849346701024,0.3624806119147429,0.4766336863700954,0.0
0.5093508106757858,0.6486779971175249,0.3630539825338812,0.47946540225657097,0.0
0.5194248429924919,0.6124236490226815,0.368808516447193,0.4885042341144544,0.0
0.473227729975173,0.3652028997849158,0.19974120736292444,0.4046400794847519,0.0
0.48765061874542914,0.2528711506451534,0.06583539170163676,0.2598380990321929,0.3824992471350415
0.48282847889294095,0.2297331848822269,0.052697950994979904,0.2783324709868273,0.6794147706254431
0.5244100731237783,0.333446553358492,0.11049345461214263,0.32313897286311993,0.5614903963914001
0.5347691531105493,0.3787849408638165,0.19131081951992043,0.32618610207301574,0.43129703324533514
0.5179984819616256,0.4066805167711991,0.30670876459368934,0.32909002707454504,0.3113635502158237
0.5960104345597474,0.41484366650109467,0.24914116934046213,0.336098640073271,0.26396929783867157
0.6388760311220049,0.3992301406647379,0.1822585182634178,0.33672416750584944,0.2648381031929356
0.4998266667883192,0.4122992456629126,0.32937113752345126,0.32478835710478426,0.12904443079442854
0.5889900470302873,0.4084508019252944,0.36284127542601124,0.3263610409813702,0.04466596478740677
0.5905589110365828,0.40818398952322593,0.3182751188347573,0.334792680281571,0.0
0.6275824136121142,0.40676661617758575,0.2427782975415229,0.3381267319248194,0.0
0.6146726172239283,0.4160944685670086,0.295698340471776,0.3524978079726522,0.0
0.6090518464734807,0.44086656002774843,0.391825085857943,0.3617075475973827,0.0
0.5998483680615097,0.44850645359371855,0.3339732550171521,0.3781028390332823,0.0
0.5609714958097515,0.4458095095909114,0.36592788755720257,0.4029787397216536,0.0
0.5642632838891195,0.4480272793672399,0.3434962967185339,0.44283029099332183,0.0
0.5518740751187622,0.5740247790194343,0.32613018495358104,0.4355131121905755,0.0
0.5604450039032914,0.6042103888418556,0.3834739371610153,0.4281904394575088,0.0
0.617113641785427,0.6017648532649491,0.42678377296050835,0.43312157775960825,0.0
0.6097358954927072,0.6208769139713249,0.4349262607992764,0.43040459312572155,0.0
0.5191215244354717,0.6224896845170752,0.449444726417445,0.44134894283036596,0.0
0.525013843334122,0.6296287925818155,0.47764053500840975,0.43278086312004943,0.0
0.5866541906675915,0.5914222839336344,0.3590759260893944,0.46961399230549855,0.0
0.5425775301479862,0.5871882192386164,0.30656455901927604,0.4887476799330416,0.0
0.5581445677038461,0.567096905145077,0.2515582626141093,0.5036100203584086,0.0
0.6212673746705921,0.5772800832932867,0.21334445735998947,0.5075046159778913,0.0
0.5645806705620393,0.5889436829908421,0.27735791901293616,0.501847350670384,0.0
0.5769334363343598,0.6171188143296265,0.35624647089000605,0.5009480233757341,0.0
0.5336499716516011,0.6257631635190907,0.3816803084079606,0.49743323617819296,0.0
0.5484686533406288,0.6314876632489557,0.3696856978592932,0.49388127465194603,0.0
0.45312523978680636,0.6730794034061488,0.33934028276288103,0.43978045695533247,0.0
0.5480005104066603,0.7236134808745499,0.2644433732362128,0.29911000912104585,0.0
0.5592240695130503,0.7273187707426988,0.325218713378027,0.25575998179640114,0.0
0.5710699861660274,0.725937380232549,0.39338791318411775,0.26796686317477386,0.0
0.5480024182694948,0.729953442425054,0.422823108740121,0.28154557147875164,0.0
0.5194217554016409,0.7251647717741146,0.4439614237946688,0.31157020161645876,0.0
0.5368230658997878,0.7075993208536728,0.45529645472768876,0.3680111841254762,0.0
0.5452505152521644,0.6880805448167827,0.4752276452653159,0.41097275203884936,0.0
0.5346222530826861,0.66938279968905,0.4263011859131727,0.45324564059377853,0.0
0.5408542007062236,0.6754845396739083,0.4231717336658537,0.46587800703563165,0.0
0.5572584182927267,0.6678318736355298,0.41489293945787226,0.46625817975949174,0.0
0.5589143808286243,0.6803421272612918,0.41694844035601464,0.4611655383412225,0.0
0.5554186758706485,0.6738411418665081,0.4170748249573468,0.46292948504040077,0.0
0.5221952899767713,0.6605272433047049,0.40058641993460953,0.466897451719201,0.0
0.5343034865747651,0.652171276789613,0.3709047403459836,0.46783924966238055,0.0
0.5313136396450567,0.6294238327241889,0.3483864571090222,0.46716014226050423,0.0
0.5188757995117416,0.6630617778284715,0.2804321382690428,0.4620897926081947,0.0
0.5114789359461508,0.6799806582875256,0.32736960049539493,0.46176074219901814,0.0
0.4797267963136479,0.6794989922208122,0.30792586495059326,0.46928203871879415,0.0
0.4758888855267507,0.6602743682059395,0.36152322812864496,0.47770193763501334,0.0
0.4452441238498241,0.6520956011163996,0.3208836624790214,0.48446114892208864,0.0
0.4911800857855148,0.659195454951769,0.3380128424804055,0.4892980318678956,0.0
0.43944956092973975,0.6958191132813887,0.28861876998473085,0.4702795386507042,0.0
0.5226054496744709,0.6398899121296491,0.36276704740805144,0.4818097363794863,0.0
0.46142158319132703,0.7018286586931819,0.24947195042726528,0.4611975253189395,0.0
0.49974259813783845,0.6942244523969269,0.30901740790007026,0.461586561803734,0.0
0.5277843697888148,0.6807915618659334,0.33419276521727476,0.4618227487781722,0.0
0.4705510740075829,0.6835084440329492,0.3066775477135902,0.46030574779586375,0.0
0.4566109280392383,0.6394241702481037,0.3118702592013996,0.48279042432597047,0.0
0.5817245324545697,0.3952380034040486,0.3641099223745063,0.34015831559794657,0.0
0.5050554794807097,0.23577558447119432,0.07632393705201183,0.2702417925382771,0.3757544024099372
0.49700165309381006,0.2260404497725025,0.0512529529509172,0.2869562495096147,0.6741807557944633
0.49398575657595367,0.3391327099571963,0.12032380745382125,0.33177781573342613,0.5609485884078502
0.48123790461397165,0.3823419034531513,0.20306861696779982,0.3330445183715914,0.42777337172089896
0.5749600487262562,0.3907452159139587,0.2714621274881318,0.33816119860955435,0.31919257940176066
0.5863118689891484,0.37508616430573155,0.261841321006764,0.33366463640565425,0.2844907211850175
0.5286491492780047,0.36550587749092867,0.21215849670553708,0.3298284892866219,0.23471611300740491
0.5898781549888676,0.3658349581124532,0.20413708626174196,0.33618435416204523,0.14903541402891313
0.5568016063523218,0.35962670732619684,0.20087890037423745,0.3357243833258447,0.10506519656937728
0.5894336588540598,0.3375586403103918,0.2849210767036312,0.33921609705938555,0.021046866719780864
0.6410605012463719,0.3167486852744833,0.3537365840802641,0.3482800075308183,0.0
0.5676888884983046,0.31289381257933807,0.3788293886713771,0.3477295591990448,0.0
0.531593539173036,0.2773368698575219,0.20035618066971875,0.3551234363899344,0.0
0.5056491705823267,0.32138902829360055,0.43846933410203653,0.3842215855088082,0.0
0.45058975630079795,0.3179090802862114,0.36863650223877065,0.38841720559389076,0.0
0.6289954868442714,0.3158473034866414,0.2994983698627779,0.3981102114418766,0.0
0.379022612576365,0.48419346280685455,0.4124204640955669,0.4644735247880351,0.0
0.48840623703611435,0.4671727196313714,0.3980159693796433,0.47044122621312207,0.0
0.6192347939079562,0.5124869900037339,0.34156772190687335,0.49350739746643346,0.0
0.6082504155709849,0.5908048852385644,0.3982518185227956,0.500992215352412,0.0
0.5267119054624321,0.6092604696986477,0.3456008498002021,0.49217283104874887,0.0
0.527699514593535,0.5235385203361556,0.4219192953268223,0.4531559481134053,0.0
0.534693686066129,0.32418401036982397,0.300136038548605,0.3542334922419047,0.0
0.4983512097073265,0.2617432836148041,0.052165770690602624,0.2865364448440968,0.6200668040477562
0.5136646586510472,0.2959995940997858,0.10426775994409734,0.3295163449113388,0.6291642052315933
0.5246088245959593,0.3632560751141886,0.20205768600636134,0.34518247414050507,0.4862562896749496
0.49978108074407346,0.376785881512034,0.24712295394078362,0.3402854426978018,0.38295348894321485
0.5261959404231082,0.3719548401635388,0.313673531530573,0.328453857749763,0.3034356201766632
0.5078416685793474,0.38049430271222945,0.2812269320249969,0.33010229360908955,0.2644860872669395
0.4724751847234039,0.38556335111951834,0.19071008523196345,0.3279201368781264,0.21090526760212094
0.5533615445345264,0.38402314668679116,0.288098412164645,0.33335876593212743,0.049925493405379245
0.5862068531206969,0.3478102576769372,0.16998586541835933,0.33647369065910554,0.12029023555678602
0.6030688092558946,0.3655182495040213,0.23487975242121165,0.3686575958630544,0.01873045998422403
0.4982305148209893,0.39143739457877935,0.3092625089161006,0.3768323973764323,0.0
0.43286577569712337,0.37269059457915926,0.3621646286898495,0.3811294517663967,0.0
0.32608896148549676,0.358707533737991,0.34259729428013885,0.3760970385343271,0.0
0.5425101660994837,0.42862394015426447,0.2895641824635784,0.4338406812426296,0.0
0.5118681176295123,0.430090396370306,0.33603248944661257,0.4323740203647163,0.0
0.48733694701010216,0.4819564190044214,0.3131460804722111,0.4673115637620104,0.0
0.48542435181336574,0.5117283822829828,0.30716531841942224,0.47974585572202394,0.0
0.6015129714587829,0.49046292681439263,0.23141573479629796,0.48414439801572673,0.0
0.5411659607340055,0.5470462559531569,0.31290941189576926,0.4949565758708513,0.0
0.5111173957861072,0.5632612263315915,0.30737601674675513,0.49925272879702415,0.0
0.5939399526150497,0.5551978757692428,0.3095273360538739,0.495828462618305,0.0
0.5458927384509701,0.5186550097559719,0.3034809928580558,0.4820629553231475,0.0
0.525938669606986,0.4794508553860434,0.2422025268743072,0.48209486568402726,0.0
0.538905821994269,0.5566848004299902,0.2256789146241128,0.5164572054031016,0.0
0.5669744393394986,0.5681231373336674,0.23248374241217343,0.5244123434024064,0.0
0.5460994320045038,0.627474607478,0.323192665859612,0.5163623657800357,0.0
0.532511819780622,0.6219600843587964,0.2384259747447236,0.521960380153441,0.0
0.5659033175647392,0.5954768286304502,0.2969762488126773,0.5190357345499614,0.0
0.598189709919345,0.5569340556748368,0.2413779480399759,0.5135215937766262,0.0
0.5902812742160718,0.5431469974809094,0.22614012451991775,0.5040336740163543,0.0
0.48323968297948217,0.5615503617284799,0.3577306911062169,0.5000035045468193,0.0
0.4999269249640381,0.5891388931407046,0.3486574429038356,0.5027488662742483,0.0
0.5446392181112276,0.5997841777826735,0.36842347108290713,0.5014656404884705,0.0
0.5333692248723647,0.6117665878095767,0.34534590373763907,0.49818130924231235,0.0
0.5243215814348992,0.6034369500210048,0.3394763420716884,0.4959615814210249,0.0
0.5452544213527745,0.5780056287624228,0.3492013614227403,0.4979340599369126,0.0
0.5236983701466934,0.3716532294677058,0.24407696114700594,0.40197210220789786,0.0
0.4944038159688745,0.22316991169820732,0.057722320814162266,0.250688663200899,0.36915866550274207
0.5000240738982038,0.23004232566116256,0.051688891315076826,0.2854262965623218,0.673271153394439
0.49328026246547696,0.32722300105504576,0.1406454995422824,0.3195046664645034,0.5607840121310732
0.48318842809546975,0.36897049081283134,0.22006360115698936,0.32963419494132384,0.4190556404449726
0.5599777997245834,0.4142941677310191,0.31804935600719514,0.3319579290479191,0.2727557188160359
0.568290054425489,0.42658486901517345,0.3073715048605175,0.3358893747042637,0.20837997340024175
0.595908649397878,0.43801381410084517,0.31088955130570733,0.332798542187253,0.1373370414961857
0.6151330170860647,0.4047340363671395,0.21051367873771196,0.34295166267690497,0.13903201443765797
0.6187438534985746,0.38055762898708373,0.2705996950477195,0.33842538168980213,0.08128327197094028
0.5216279329018775,0.3578399180402715,0.2828558482085079,0.33510487674376543,0.025344027697002385
0.6239993499253937,0.3559103352302281,0.288047757230813,0.34834934615057317,0.0
0.6169809078036012,0.3962724697181458,0.3129542451830356,0.36074106133023304,0.0
0.6081941463453261,0.4052721270006676,0.30797327606294267,0.3694056136757561,0.0
0.632838461016801,0.4453723841075803,0.32625529691432187,0.39854427187139757,0.0
0.6668231125436512,0.4410501963295451,0.3877554589101778,0.4186606895757205,0.0
0.6656558157712587,0.4297120247741808,0.40997837093116407,0.4287294609213774,0.0
0.49523424816913486,0.43422959751463375,0.4566423894999603,0.41124237930068946,0.0
0.6116379043147125,0.4014019858555947,0.38211187304970295,0.4087505404560738,0.0
0.6589829451062985,0.4205899898009048,0.478461589318319,0.4205978618125267,0.0
0.6623236729163917,0.47003009439048105,0.4733780416202124,0.4530057672353998,0.0
0.622810482936386,0.49215851731399535,0.43013375273592086,0.4541897491270431,0.0
0.5440296052818339,0.48587912087807233,0.41983990118172565,0.44318154929998893,0.0
0.5550060016734404,0.4964158941483175,0.31576554004569407,0.4582149295181653,0.0
0.5044818115149896,0.35369654228171765,0.18440945423625738,0.37503304458358927,0.0
0.5037839561473035,0.4314968609417361,0.2211018538531959,0.450438883002183,0.0
0.575256329201984,0.4365163462968895,0.20849343064563466,0.46985944978010696,0.0
0.5566021470188377,0.4202766819533587,0.24965667047364742,0.46110337899580595,0.0
0.5924110737065897,0.4258977442741706,0.4156125620171292,0.4446683764656552,0.0
0.6173741311308796,0.41832856800202184,0.4151541646057604,0.4336943982787426,0.0
0.5215995089004142,0.4691633580978639,0.3982388833110584,0.4594922916268854,0.0
0.5045872080799402,0.5255780042126822,0.26158793759313226,0.47669191175352454,0.0
0.5340417387753871,0.5034670219288692,0.19754605955932894,0.45964734195882373,0.0
0.1580362915088975,0.5001975525628767,0.22513910257372954,0.47452925351902847,0.0
0.1462595160162192,0.49485047797372694,0.14104125127078587,0.4861318436428038,0.0
0.44606665378680804,0.6497843979602205,0.37501310032850566,0.45636630718185006,0.0
0.5027453122413076,0.709842295213748,0.4395010094306775,0.36453269769943497,0.0
0.5314969263416575,0.7096341235187822,0.4470415566123863,0.3737626602774612,0.0
0.5278970185673745,0.6959933577953015,0.4640753627495539,0.4001782101566612,0.0
0.5328857860564977,0.6779878648584481,0.41372386655134286,0.44824172231194154,0.0
0.5170163300835051,0.6666186766749848,0.39201139827842885,0.4728419829472412,0.0
0.5159165450520559,0.6595379443826855,0.39552199625906403,0.47846007227414006,0.0
0.496877417610614,0.6502411419666596,0.40451945814870066,0.47643908589340467,0.0
0.5212799894118318,0.654495940152229,0.41384988741388473,0.47562606392277107,0.0
0.5224678061220822,0.634743612825505,0.4295561226761818,0.4800077304423331,0.0
0.5679305018510057,0.645689252878326,0.40811061728546005,0.4816747181849583,0.0
0.5554383726828265,0.6650369525730507,0.3394693105001816,0.4751309059185527,0.0
0.5709759825200658,0.7045663830103926,0.23697925747280332,0.4519785468997874,0.0
0.5324744813421796,0.7183380956365848,0.253471028098297,0.44348510388293694,0.0
0.48439609790271115,0.7021534230390241,0.3050455596561305,0.468165705016171,0.0
0.4750801164089753,0.7318657865082655,0.31573215995668064,0.43957797328508624,0.0
0.42934764387559016,0.7306843398593711,0.3677578760094084,0.4292630930538244,0.0
0.4505176735075388,0.706195915890529,0.4230324659806996,0.4446021414452512,0.0
0.49737229491965146,0.682959175072555,0.41352952933534953,0.46118493191195725,0.0
0.4960183252523535,0.6662394142636677,0.3741218389182592,0.4781002951946848,0.0
0.516225163722634,0.661399058511429,0.3599790939102088,0.480908046080403,0.0
0.48790937922753264,0.6601280054579702,0.3492493842701199,0.4852513864503747,0.0
0.5203605733033629,0.6529533928773124,0.3597067629263182,0.4883102698276192,0.0
0.5048347181832035,0.6525757692465269,0.3440622654281501,0.49439112390774936,0.0
0.489586699547153,0.5730471119700591,0.3383711900978663,0.509873825319948,0.0
0.49289275700093194,0.35925239380520707,0.22692636404150443,0.42469162609469324,0.0
0.5076765604576967,0.2224038798796389,0.05841505167864954,0.25263417206857797,0.3738539320507608
0.4908556661197436,0.2263525835359861,0.06012225006105011,0.28273345189292903,0.6736633711245635
0.4893087728744867,0.32784152449675336,0.12928103379605352,0.3183914989571436,0.5749521805612959
0.4434971758776089,0.3697207575800145,0.194725043430336,0.3258648611034148,0.4530072221799582
0.4790733035294592,0.3846190301424739,0.23446968293373943,0.3413662301917841,0.3675259471147019
0.5247748232429649,0.38600031003581187,0.1933609206758538,0.34051610622957346,0.30625108425237
0.5206391821299192,0.3676134006152611,0.15222522685940282,0.35060389748438814,0.29592445308887
0.5633655488114743,0.36133919190143676,0.2100384338690754,0.3470635154762875,0.2037453435552249
0.5536565826691059,0.30152161553781326,0.255337870540147,0.3357027127557453,0.22072472310063762
0.4854336852133048,0.3001716753724486,0.287125389045552,0.33358559274760696,0.10536299124742049
0.513692237549762,0.2781617773460473,0.2988030367902975,0.33906416347764007,0.07207237217801818
0.7742533385688154,0.28674300035139044,0.26042631416253265,0.355376057093741,0.03881330332486641
0.6593582648735681,0.2901060628546875,0.15835063654273507,0.3667397318100032,0.027899241790049465
0.5300449328497225,0.31265950196641346,0.31117231345549523,0.3847600521789,0.0
0.5476949876530102,0.28007690871589047,0.2018273648793468,0.3879691922999956,0.0
0.5817408705731067,0.323697329822446,0.24355922761540974,0.4276552576701207,0.0
0.5360490101377489,0.4800540326251387,0.36671655354038035,0.48516769142448374,0.0
0.5865955518095817,0.470885645162531,0.2982397017514353,0.4974979661032931,0.0
0.6202181351861888,0.5275805215745781,0.31783474832734565,0.5166168374951268,0.0
0.5812642023600751,0.5940441303666824,0.27317351995588834,0.5267598016994078,0.0
0.5713154459415756,0.6242708311991886,0.24095452482887317,0.5178399309375818,0.0
0.5583927072547467,0.6514461811473682,0.361420942819947,0.4990196432193377,0.0
0.4882083528554616,0.611364776792066,0.2925020711565532,0.5110788707820287,0.0
0.5523467461410119,0.6002633130033184,0.3668374399079338,0.515723752433346,0.0
0.548023371288813,0.5919006340297724,0.4195569277016879,0.5109875015830566,0.0
0.5522444549877757,0.6015034070395235,0.37999960905791685,0.5060641479147193,0.0
0.5281713489404632,0.6061424727579845,0.35287628578340313,0.5029820970165243,0.0
0.5086105398380051,0.6188050827873536,0.32427835525932636,0.5017995193317735,0.0
0.5062708627453607,0.6119537837860196,0.33147956280177854,0.49716030025461805,0.0
0.497327882507854,0.6434888368067325,0.4054558987064294,0.48088895195233916,0.0
0.5679367973069148,0.6579136751518514,0.30180381944164514,0.4181969508406313,0.0
0.5375557679484633,0.6891900121069829,0.2684801113536784,0.32661637204968136,0.0
0.538718279378447,0.6916309255699727,0.30175165905804346,0.29411102320315935,0.0
0.5136520497545233,0.6888860026380581,0.4671697463299361,0.3228835862663811,0.0
0.5427446610341745,0.6989893465225523,0.4323565557529337,0.32311245097837743,0.0
0.4856708236486131,0.7035889990607488,0.43610342790911716,0.33488108947244805,0.0
0.5316430164791613,0.7028631032393501,0.4234571246678487,0.351929768765337,0.0
0.5476314678983174,0.6922886427183439,0.46390828326261807,0.39953294886738916,0.0
0.5449298190526244,0.667744253403174,0.4100409475034476,0.45797359720637676,0.0
0.5259724950677874,0.6562679188390341,0.437261344995543,0.47773865091395873,0.0
0.5138554567873642,0.6654071036637682,0.42392490151197276,0.47428558486504174,0.0
0.5013573732364761,0.6785584304734813,0.40274709348331816,0.47417034709088374,0.0
0.5127890304742185,0.6762094368814495,0.3962305661572513,0.4727787444993541,0.0
0.5325670810734302,0.6736708160832163,0.41815589739060527,0.47219352919377916,0.0
0.5184172156728548,0.6687410215585818,0.4190391491769468,0.47188062362838895,0.0
0.5446225650033636,0.650430664882806,0.3984578300993955,0.47342492230924627,0.0
0.5593541299090344,0.684892136858026,0.2793026525178934,0.4602835074516205,0.0
0.6155404371025424,0.690903662423721,0.31701580805091023,0.4605804080819095,0.0
0.5828902337482217,0.6990711928058846,0.3441316442474013,0.4596425046569476,0.0
0.5084816034732994,0.7236821874195452,0.3205482334127417,0.44250879120543524,0.0
0.4654313324962604,0.7221842673423596,0.37287519447426565,0.4371276299833256,0.0
0.4795131718981389,0.7029073644070903,0.41931535544489423,0.4385032137197895,0.0
0.4960025970266698,0.6816458798715623,0.4054893756506286,0.4542906970111158,0.0
0.5084545444616341,0.6707057383068743,0.3773053702901512,0.47495311508897725,0.0
0.46579332021253517,0.6705836634471408,0.3712996618309286,0.4828545574047632,0.0
0.5103155195369194,0.6831388508844405,0.385917241552238,0.47579938854615045,0.0
0.4977142907095766,0.6797641586835433,0.38694924897675625,0.4751971427779147,0.0
0.4916473002127443,0.6773926026011249,0.3960960254025112,0.47701851699204384,0.0
0.5006267584266102,0.6436460113625757,0.3751357863865735,0.4925744860659844,0.0
0.5165185490239327,0.42613078784913566,0.2376767451460968,0.4397826535828368,0.0
0.5037497803871945,0.25895418090935024,0.05455742828305592,0.2673747302594799,0.3794090472813431
0.5038540150367506,0.23910534057908703,0.05831571093569405,0.28582563453476145,0.6784195927862032
0.5251061631056324,0.3321905201343545,0.11661965485665675,0.32041925297762297,0.5725087586204102
0.5240316375766522,0.37098880034829723,0.1714524506714885,0.3228848897874815,0.4446420591627234
0.5672692899521905,0.38523899257302924,0.19229158685786765,0.3275463695492016,0.36355559204740423
0.5801104212333049,0.38979183014303176,0.18716706025063923,0.340646861289847,0.2989320711663919
0.5543987157281417,0.3798406536463245,0.20280685345361693,0.34240813458236236,0.2499396455227322
0.5870112336418312,0.3776241690433331,0.13367228723736696,0.3442762235593802,0.22370129149086015
0.542790941826046,0.39160329401244787,0.19011009351284458,0.3481431492885976,0.08831903019556672
0.5493227955247324,0.3803647460812701,0.1884347101167197,0.35261972482725606,0.026647662356337302
0.5714665323859334,0.4015917416439426,0.2415120947016806,0.34914540045225434,0.0
0.550041411888773,0.3904868958667652,0.1954548647542404,0.37117999166731336,0.0
0.5334408870605537,0.39825685040483616,0.26187617677820163,0.3854651232282601,0.0
0.6157083374078044,0.423589922599444,0.2832349979437951,0.3938495356116695,0.0
0.6025681793713603,0.4550555497020924,0.24904300361427542,0.4197122943007092,0.0
0.5602659574169494,0.45056648639020863,0.3491349506843163,0.45469009770532287,0.0
0.5131127597655317,0.5500203364758789,0.2903974751187994,0.49456599342249447,0.0
0.5346729771590248,0.5661997221193033,0.25454610166363345,0.5070179023110543,0.0
0.5521862361763397,0.5564600478541896,0.2291441765950242,0.5122377770837794,0.0
0.5065878878443305,0.6412328477669399,0.3152885457663505,0.5009949228871646,0.0
0.5098544696670134,0.6545488660800775,0.34928842620602923,0.48808701905366897,0.0
0.6108136874263344,0.6388432600373122,0.36684497696191065,0.48712777666975293,0.0
0.6395570439361095,0.5884327654208675,0.25413794063752065,0.5024232215648288,0.0
0.6497732934454944,0.6039618363903199,0.31060947262202143,0.5071425703814249,0.0
0.6873887014909087,0.5843484787946395,0.33933792606144497,0.5151306937259343,0.0
0.5706354476426494,0.5712953783927224,0.29827350818961307,0.524527378187102,0.0
0.5177168178094543,0.6171269888618516,0.34171173652049974,0.5094387659114756,0.0
0.5149244227321867,0.6289804039326109,0.3309983103800813,0.5055607556825525,0.0
0.5853314514499526,0.636201454859757,0.34603019014400965,0.5035897856444744,0.0
0.6893830344921176,0.6390719941810704,0.4162956326805818,0.4961761785184091,0.0
0.46732127394632916,0.6637377713782443,0.3501812844266596,0.43660354964597453,0.0
0.5351108777839303,0.6991682888356763,0.3254034455666919,0.3213819180510272,0.0
0.5888828463734193,0.6966165974723938,0.4300825445954292,0.29031072968942495,0.0
0.6088920795718085,0.6955297983259726,0.4421165868341354,0.2952248654853309,0.0
0.5487135090348819,0.6939159572607329,0.4827000276952187,0.32089478352503037,0.0
0.5393989476595862,0.6807858295036278,0.46385118174812767,0.3472662936801547,0.0
0.48939941811648763,0.6923458117615627,0.3242194756396011,0.38648788760294134,0.0
0.5346597839786257,0.7108740509868139,0.30147188223502636,0.40511035402600654,0.0
0.5204380149941243,0.7148445597403711,0.33985072688281237,0.4207991134655441,0.0
0.5035974231604177,0.7029987844249165,0.40677287147320673,0.4352915965110753,0.0
0.5025631416300289,0.6898664653129617,0.40608694458465466,0.4385536664210362,0.0
0.5113965785783696,0.6666851477102089,0.3446760604382669,0.45891402471448933,0.0
0.4625900492414803,0.7321507826480422,0.28998649187682896,0.41513744503224054,0.0
0.485860118726409,0.7392213396553158,0.3046783315998348,0.40866591850488165,0.0
0.5320194309444781,0.7222781365977498,0.32096584197811073,0.43509005236840803,0.0
0.49728620058978246,0.7289555543597452,0.32713583228830195,0.41042114770063143,0.0
0.5307842672468069,0.6986728657638225,0.38151949200388063,0.44413285797222385,0.0
0.4352796747234582,0.7361857323998092,0.30895964930379183,0.4064573506752797,0.0
0.5027795974393195,0.699331748783194,0.37655796065389796,0.4500991982142742,0.0
0.48280679758928813,0.7227405014421333,0.29564692295321104,0.4470958422847721,0.0
0.46277254493611086,0.7339898535598345,0.3474685586161726,0.4289821148806015,0.0
0.5176843783212844,0.6889618740814439,0.40316444642026517,0.46637019485880243,0.0
0.5115875140735677,0.6528479289248589,0.35838301431372094,0.4821076661112321,0.0
0.4852342112714029,0.7264966708555964,0.28132939384119615,0.4554046576279345,0.0
0.5110262563098532,0.7417138902224913,0.3242467725545334,0.4363992029715364,0.0
0.5020988536076672,0.7325082812627142,0.3129102959265149,0.4492428137533202,0.0
0.5069881881291403,0.7369031865919315,0.34449468017829177,0.4340066329299874,0.0
0.4534012061670271,0.7212114854845302,0.35239668392952433,0.44618224742893486,0.0
0.4960076251875966,0.7104714776425506,0.3803586281641753,0.45851452547991417,0.0
0.4503755485561424,0.7445553135042159,0.2996126865990717,0.429362281301247,0.0
0.49326193490054027,0.7309427485494051,0.3752718997465286,0.4394100449878289,0.0
0.5186321914380032,0.7158632804665331,0.4168849675756807,0.4544969880997458,0.0
0.4478190241245019,0.7483566146593165,0.3136667133923259,0.41724642519356187,0.0
0.5098410604805941,0.7345999525445038,0.4179875618615946,0.4390641821546535,0.0
0.5126776224998449,0.7093750106755105,0.37989176756265164,0.4602973439061427,0.0
0.4578372568522351,0.7491447658012804,0.32180718886129267,0.4063005070085755,0.0
0.5391053007167487,0.7151035831952268,0.4441012253048134,0.4587169051659007,0.0
0.4725647018473655,0.7436892961997009,0.3204797874883517,0.42828350598820747,0.0
0.5033122986504592,0.728116847826465,0.41901510393268687,0.4481430747625961,0.0
0.46262506618191873,0.733621572457349,0.35312980375540826,0.4356428931815861,0.0
0.47254055988621796,0.7317358552923544,0.4302645061462577,0.43762028427325567,0.0
0.5155515108285655,0.6957113184979551,0.4248236428807433,0.47589367968670687,0.0
0.4439404510202092,0.7347346266837587,0.31639793258138377,0.44571546577877547,0.0
0.4995888144021839,0.6986053118791841,0.382346582958912,0.47613408332796847,0.0
0.44403765333409956,0.7165349663547342,0.34385147811570915,0.4643752164164024,0.0
0.48694228231193604,0.7249724144387807,0.3795567268450035,0.4551966318081051,0.0
0.49783346859469824,0.7049453857934485,0.399573189514288,0.4688207902838168,0.0
0.46866133278396643,0.7342146741042986,0.3622306792526666,0.43658115633894334,0.0
0.516133183208654,0.6879232813354785,0.4321630678226924,0.4777933944878013,0.0
0.4331326519157873,0.7255946549591342,0.3389621108974794,0.45142381642869517,0.0
0.5040219217551628,0.6865052590614968,0.4233115071436626,0.4814468008603856,0.0
0.4688333748956503,0.6847168482197846,0.35088769373550577,0.481609434141562,0.0
0.4925023167662726,0.6849154133228781,0.38105859003177256,0.48060303012600236,0.0
0.5327824432124211,0.6582328916361934,0.4063417161200402,0.4879833648687862,0.0
0.4465381952161405,0.7095733675989624,0.3231531288712281,0.4657537204156983,0.0
0.5535770655335882,0.6326414845946772,0.3804166613866297,0.4906472474749448,0.0
0.5369317977862047,0.6144875216159384,0.35524998415723036,0.4911176008669283,0.0
0.5612537750959616,0.5880640243758686,0.343208595704774,0.5015217284156416,0.0
0.5498751442656264,0.585898151924038,0.283246155617586,0.5000464819251109,0.0
0.46689874170640216,0.6626673720529724,0.342679543334789,0.47287161510644615,0.0
0.5067981270976966,0.6198240939932431,0.30923625070977795,0.48963327878601753,0.0
0.45132792617233064,0.6792086223170984,0.2634617697175304,0.4571412032199129,0.0
0.5284201832431569,0.685272681499976,0.2995168255637483,0.41124646995855374,0.0
0.5367343218303544,0.6752275475449155,0.4539976029485498,0.39952260636398246,0.0
0.5443941088702476,0.688822887416385,0.40908298681597344,0.38419791363237527,0.0
0.5294707494238641,0.6920447265113084,0.5054754002967184,0.37820978657686666,0.0
0.5658681658020362,0.682174371033219,0.4222177144349297,0.3933971156716476,0.0
0.4899207311918023,0.6691248789946224,0.4479602541612597,0.4235826126455853,0.0
0.5090555857624025,0.6550480789835182,0.3897617456759178,0.4525445568200884,0.0
0.5059005847669533,0.655562216644596,0.34224167156253305,0.4716994011791958,0.0
0.5027261618911959,0.6696133300653702,0.3552868235060952,0.47542570259425126,0.0
0.5067146473423938,0.6731414963002065,0.3493705713294557,0.47474972225399703,0.0
0.5100621691026621,0.6717265365801706,0.3690907652267749,0.4770653348722263,0.0
0.533549128636408,0.6678373833577586,0.39619062664707183,0.4684328691385325,0.0
0.5296029581578069,0.6652880410549253,0.40114695699673186,0.46973604062869095,0.0
0.4991119618463026,0.6987761631279539,0.3572478686998898,0.4013867571316097,0.0
0.5846050775661968,0.7335434573923897,0.2708030108372161,0.26159145684260177,0.0
0.522715128439018,0.7361819979756056,0.33489496007386627,0.23200041025133275,0.0
0.5251879812423826,0.7323141565728191,0.38583332379537116,0.24104053007868134,0.0
0.5742128944511924,0.7349661186128166,0.3735267266173537,0.2512708679971509,0.0
0.5173960846549528,0.7295983822587111,0.4433800248670448,0.27482064420379093,0.0
0.5173428568388686,0.7163925144693357,0.4616793542827963,0.3220183894636796,0.0
0.47389806190282013,0.7011007969389896,0.47270776138596815,0.37075788121012954,0.0
0.5189843023631819,0.677981413916282,0.4538249465264083,0.42476083143161447,0.0
0.5278401550739407,0.6586216424972747,0.40038777703203443,0.4572654044459699,0.0
0.5079942461770118,0.6505920394096611,0.3425523568796092,0.4780965925026469,0.0
0.45812788170369334,0.638693355115897,0.35227746126170423,0.4841403080252519,0.0
0.44304215575755335,0.6217343220181983,0.3409333419997557,0.4901103329539138,0.0
0.46076731592128767,0.620831852692871,0.3707437966998463,0.4862515690546339,0.0
0.4881360333756596,0.5725048473559705,0.3399092199578003,0.4854425136326103,0.0
0.6127345075652081,0.5190795710073319,0.33202558525968356,0.44467605769552354,0.0
0.5606897595186036,0.5032429789186178,0.2680095327119556,0.41767832084365186,0.0
0.7151722874887255,0.49883937171628123,0.3034164917719463,0.42689753311357653,0.0
0.66477940379669,0.5664537401101806,0.3936495838900278,0.46714400977151865,0.0
0.57746015145669,0.641491608656434,0.4544935021957946,0.4831258762784306,0.0
0.5146160377879517,0.6663771622560527,0.42090931864045183,0.47844389831215234,0.0
0.5097022441024444,0.6615893365621267,0.40500596326692173,0.47696437583383683,0.0
0.5165749172854459,0.6600708313879307,0.42911739447051006,0.47459735442376644,0.0
0.5480560042977621,0.6420845527893444,0.4050125593672696,0.4873162365932727,0.0
0.5180005365856746,0.6351931119750066,0.39686191736528126,0.49061232125095117,0.0
0.5333223129986834,0.6442539002943468,0.39922029312383606,0.4912620681708546,0.0
0.5103506996417615,0.6565126034335899,0.41063787315591616,0.4929642537297578,0.0
0.5294415158473245,0.6611732361704235,0.4204526987472918,0.4884448890742222,0.0
0.4798512203197095,0.6578723840355627,0.41185015175878065,0.4887571783319553,0.0
0.48215151728233197,0.6603833438844099,0.4105194474941387,0.48152450041911765,0.0
0.5128005115253442,0.6478221911171418,0.3078215540945261,0.46574337265830074,0.0
0.519533125049418,0.6799794112708591,0.28305999695064993,0.39750123033100343,0.0
0.583770118085838,0.6991365282579916,0.3085881130444393,0.34310213986456917,0.0
0.5335755140239486,0.6996332042023635,0.48283041852668895,0.3483918435221164,0.0
0.5683452426410533,0.7069681681730687,0.4101155665624325,0.3309882560138962,0.0
0.5152242757168348,0.7076059076657348,0.48043273668406256,0.3333874823725615,0.0
0.5451346315181357,0.7040284703018845,0.43146296160899694,0.34676882683442267,0.0
0.49393087545003944,0.6962328305278637,0.4560550989486147,0.3906708328710456,0.0
0.5054098945644646,0.6741077610698838,0.3879969861799004,0.4388373496348895,0.0
0.5175673590430185,0.6797175525733484,0.35884629896664233,0.46418521443543903,0.0
0.5130397605828658,0.6934035212288164,0.37946106208464647,0.46327368597935725,0.0
0.516760672302536,0.6984837994805801,0.3601142450983545,0.4513694184401102,0.0
0.49613894604091374,0.7003161347600548,0.3828210173711749,0.44873774654029724,0.0
0.5203255448227669,0.7011504997943453,0.3675722803688745,0.44440432412860736,0.0
0.5207750684138736,0.6899684029707628,0.4024425989379059,0.4541140623525787,0.0
0.4938392857174581,0.6841747370233479,0.4063433175170951,0.44598948390433013,0.0
0.528331184028415,0.730774615594271,0.2658131492760944,0.3781934609200675,0.0
0.5353905966698395,0.7223569091500327,0.2970494684638847,0.41198538643887156,0.0
0.5062226508203522,0.7047555549518774,0.34450502222485313,0.4426514805585457,0.0
0.5205482178783905,0.7250861491214176,0.3425103731081883,0.41531912907992874,0.0
0.4926596334519553,0.7206281519022998,0.39768103160742496,0.3993720978508275,0.0
0.5000561950589609,0.71340714306961,0.45307490344382606,0.40778605074435503,0.0
0.48565598864713155,0.6929660901341512,0.4533932402492441,0.43409239891426565,0.0
0.4883228091430659,0.6627609523415349,0.4338404160770354,0.4697056907876332,0.0
0.5292214454999249,0.6529409013058063,0.41234747510844577,0.4797226946793942,0.0
0.5612777018078647,0.6466242578989428,0.4274486457615965,0.48382003399535634,0.0
0.5408599946392597,0.6402107392104275,0.41671814540761093,0.48818458256741876,0.0
0.5570245014348223,0.6430099793745128,0.421383159732018,0.4877456791302346,0.0
0.5629503711911192,0.6406928977481948,0.39988711612858924,0.484717602379252,0.0
0.6024490447032279,0.6127369034145655,0.4128068052172905,0.4851200806785039,0.0
0.6018877130830009,0.6228936874360858,0.38090898783024546,0.4840362635717278,0.0
0.57628440154983,0.6843779042309918,0.2335954355666682,0.46215279478002336,0.0
0.5736908807914298,0.708128710588167,0.2821553317826161,0.44826599338887446,0.0
0.5384591474627957,0.7326703181740162,0.3114056986689599,0.4399401110613471,0.0
0.4778894332300923,0.7528353936074449,0.29808984827430907,0.4099287040283816,0.0
0.4572714052186322,0.7417230230662563,0.40658163235467726,0.41293673867588965,0.0
0.4781745911515229,0.7197591847995791,0.46207313054567545,0.4315900182217533,0.0
0.5135337059038355,0.6866804603148086,0.462272225967073,0.4660231199719026,0.0
0.5300555374031818,0.667006609583668,0.4193962934629711,0.47954989769891904,0.0
0.5403216571447649,0.6579244952071777,0.39958547186238025,0.48733908949643423,0.0
0.5386810881780216,0.644346893333358,0.40835791510490504,0.4912398461049131,0.0
0.5553583996700686,0.6409772613788443,0.43006418437920707,0.49332793201143127,0.0
0.5647362782485115,0.6236286058318057,0.39186326590421233,0.50075065960625,0.0
0.5325091220692454,0.6419164754544826,0.4223053209454286,0.48858446741854555,0.0
0.5332975562251341,0.6596707619061271,0.41378652079390466,0.4775102183305219,0.0
0.5075640542393168,0.6506801177013642,0.34963066833009004,0.4774144255571664,0.0
0.5351040034691807,0.6763337127666765,0.22999396570119382,0.465207899995801,0.0
0.5482721242129639,0.7085616594611968,0.2829487577733889,0.4292909041357479,0.0
0.5335326001051626,0.6766320871546861,0.3273692556969787,0.46780105996321125,0.0
0.4554197708435971,0.6138425407211335,0.30287308120209977,0.5106623027875306,0.0
0.47579971015952977,0.5797547950589607,0.4439870039706962,0.5148305730554988,0.0
0.475951690385362,0.6294151784235216,0.37257535215418575,0.4871467500891624,0.0
0.505739203565886,0.6490879917526302,0.3804185917271462,0.4733398832227523,0.0
0.5070972181243337,0.6411968306394329,0.35953714865808145,0.4859563167540245,0.0
0.507236131249159,0.6580837687611456,0.34283546186964997,0.4919704456641937,0.0
0.5111316180135352,0.6743161650522574,0.3600727196869915,0.48459861123606357,0.0
0.5219065059525833,0.6788547129022352,0.3724392531348597,0.48255778511648395,0.0
0.5046166928296352,0.6780454636501598,0.3668025420422137,0.47900316920212066,0.0
0.5150358844666835,0.6732552285005389,0.394727912064529,0.4761492141383974,0.0
0.5267244344183016,0.6680827569841673,0.41503283188938905,0.4708276708533507,0.0
0.5462685155971455,0.676799148251152,0.411306521061432,0.44898482291567204,0.0
0.6180936801425342,0.7142468020966434,0.2739373549300131,0.3619440375424708,0.0
0.5340101427061568,0.7083284172519276,0.29856320383592544,0.38065929461299014,0.0
0.5148533416502254,0.6913146623543677,0.3970586578606935,0.427738991688714,0.0
0.5355246348875363,0.7137793330248927,0.3674132799636313,0.4206727162520045,0.0
0.482658671089536,0.719287164259831,0.41813371135140387,0.41041152064973757,0.0
0.45891640809925816,0.7128554345588562,0.4654073279581906,0.4153004080985582,0.0
0.47271123238540813,0.69516919595991,0.45182229666244944,0.44191179784133305,0.0
0.4994600183328501,0.6797458027746205,0.429312134761595,0.4636432650914858,0.0
0.5212106168869911,0.6654185180008102,0.3925560701180476,0.47289336335383286,0.0
0.52810151099217,0.6667538562934492,0.3981198324810383,0.47553032851449634,0.0
0.5274904237028728,0.6682340075993287,0.3948967682575553,0.4771575079272328,0.0
0.5223456421624227,0.6766617984503347,0.4033774767087932,0.4771966868677705,0.0
0.5188471016815515,0.6766297410787817,0.38870928723093734,0.47957069945904585,0.0
0.5624198957833656,0.6648205669101422,0.4128171203050805,0.48501301749964604,0.0
0.5172712844754209,0.6688256986108249,0.36785437872674787,0.48495790274275086,0.0
0.5711063082180782,0.7409031169106965,0.2073086609954842,0.4318033388213012,0.0
0.5779528144037489,0.7465351462800884,0.2951107277325247,0.42798707039555556,0.0
0.5234028163973676,0.752900452837004,0.2885108711412594,0.42303441930196145,0.0
0.45984724609719946,0.7636299663947174,0.29825063272054647,0.40258850598122276,0.0
0.464107843767548,0.754240157113338,0.37018655216021623,0.41056273277425565,0.0
0.46814499523203407,0.7365169166241827,0.44767833083508735,0.42999000168040746,0.0
0.49539432190362664,0.7125210628373464,0.4641225954222342,0.45551348225119387,0.0
0.5105773042357619,0.7004893026384048,0.421141175193169,0.4647269205945896,0.0
0.5201739243915603,0.6938372239390992,0.41497554016003213,0.4744661430852236,0.0
0.5068843582262742,0.6905787444071553,0.41024407420354064,0.476757044947319,0.0
0.525853853227083,0.6928687484385393,0.3980065706436069,0.4779556191091266,0.0
0.5167998843786956,0.6836682281013022,0.3986489183885669,0.4785455322230703,0.0
0.5398201708266728,0.670295307340184,0.4188272286374303,0.47633046236368165,0.0
0.5349067009628365,0.6755060851543526,0.4124136528647588,0.4769831681051197,0.0
0.5029198117918392,0.6850178470637142,0.3884568105890279,0.4624842659930817,0.0
0.5441856610039333,0.7338591668499462,0.25622315894782927,0.38210519912560564,0.0
0.5435457823216763,0.7395473451502341,0.32952733848019033,0.35733181675683906,0.0
0.5198904375665314,0.726262820783151,0.3393075075287633,0.370046556515829,0.0
0.48938184161852616,0.7309570963179057,0.3475115042305197,0.3763214289481097,0.0
0.46232567080698667,0.7144231775106499,0.3886214978223342,0.3999591017797101,0.0
0.4913806218082783,0.7049870172299015,0.46022652772979133,0.40534015549204555,0.0
0.5587273108262127,0.6552875746129102,0.44000389352633507,0.4424096054436367,0.0
0.5055312338933847,0.4775990366730028,0.13831208862364064,0.3346605678512989,0.0
0.6070991870751947,0.510808410613941,0.24510882934138772,0.37242362935822776,0.0
0.5000917964631177,0.4375358101217011,0.1664217309586242,0.4380270136858336,0.0
0.5090473025796172,0.28906576102552123,0.14084859668906308,0.3448220429944449,0.11692881405331003
0.48317359701065493,0.27120028446454175,0.04541058452178823,0.3429441754562242,0.7088206362824003
0.5103994846113072,0.3369307476183147,0.09360918640602361,0.3636615417303257,0.6439747735857982
0.5032319522096852,0.38355439649536116,0.17312044910118146,0.35869872819493664,0.5333080788960519
0.5497232125927852,0.39032482266767043,0.20602384919931827,0.3488033983232229,0.4201630170144784
0.5064881840994054,0.41388413481269354,0.20368363669875048,0.36635402039418247,0.37929511938023336
0.4658859496773852,0.4155083506726472,0.1672600581751232,0.36443717959763433,0.3355455555707857
0.5041311969578223,0.43983876711264824,0.15969845362679855,0.36103294797638646,0.23359674564104307
0.49519839543673205,0.4748185190241368,0.18600743305824563,0.3744324498482957,0.13541711174513604
0.545269328692747,0.4983161958214536,0.26331625163662553,0.38988007310200584,0.022626953129857814
0.5250523218077702,0.49880008470105647,0.2462857559805032,0.39662774934951006,0.0
0.522500457173604,0.4735893514447687,0.1378991066669983,0.41994847657110373,0.0
0.5295291320948221,0.44108014562373415,0.14060119636525512,0.37706381799555444,0.0
0.5850376053911421,0.4335396052181258,0.14496881938977693,0.4012394790075357,0.0
0.5535932285063387,0.4544038552020484,0.3615439020087813,0.439734465731642,0.0
0.5125833985232044,0.4399215443035353,0.19556107391114247,0.44448228745419927,0.0
0.5279965522411184,0.4453450625945089,0.16637278098163388,0.4555663780928084,0.0
0.4629917034673014,0.42534466537603377,0.16455725105324426,0.4549998997585614,0.0
0.47253216337456405,0.4577197136802725,0.19556555056001385,0.4745848621287406,0.0
0.5334860832016899,0.501510408141617,0.31480135421709393,0.4736057456844073,0.0
0.483854714436987,0.5164431922541706,0.21911244308445738,0.48231810103241507,0.0
0.4595303334631786,0.5313593661917458,0.32104948300072306,0.48028238634268955,0.0
0.44977728569602293,0.5636781193017427,0.34080168833195945,0.4924213085426108,0.0
0.5143070718902606,0.5614277067458259,0.36220688715647453,0.4966271198856235,0.0
0.4696095177856946,0.5744667121007331,0.3740149653019264,0.500661862249995,0.0
0.4639738667300949,0.5952532421224498,0.45513497264235653,0.49681175883662737,0.0
0.47429921536635244,0.5907664732446549,0.4694670920861716,0.4903068019582173,0.0
0.4857118714272872,0.5840073064983772,0.4329569752930315,0.496148831638646,0.0
0.495394374244675,0.6083603999407678,0.4911669487902527,0.49480684550794485,0.0
0.5205576082102877,0.6632715987004899,0.4655842955069898,0.49181846566994264,0.0
0.5014835608630955,0.7155517897010677,0.5028532631560352,0.4639712429281446,0.0
0.5209640991573571,0.6759937525835769,0.4204713072402881,0.4998286236908318,0.0
0.573976168996323,0.6896400198819498,0.4282126523369047,0.47772879928524886,0.0
0.16745331799779534,0.5279020487685833,0.3030640717657395,0.4588147794809662,0.0
0.19040373969431917,0.4668895558448249,0.2921100918962765,0.42290863579848104,0.0
0.7019965787239802,0.47335120130147756,0.4063665689584945,0.44513332471055417,0.0
0.6411844116898056,0.5180570870597166,0.3879590632844364,0.46875400412742,0.0
0.5487574350098883,0.5304780160324395,0.3998348992062796,0.47170534968614064,0.0
0.5299170624790244,0.5177491328650954,0.41872447738265994,0.47455407705712843,0.0
0.46962629646526083,0.5330893162153512,0.4885343524516804,0.48128142921211026,0.0
0.4999274976103017,0.5511097319895062,0.3920463040717044,0.49273035061882453,0.0
0.4762847260239375,0.568699464611853,0.3276810543961271,0.48949602569244355,0.0
0.5043840373247681,0.5595275535893913,0.2112017456213156,0.5038746408998878,0.0
0.5987359916452005,0.6361317632488575,0.3346641061781011,0.4964902335959981,0.0
0.5814117247877447,0.6518352038792992,0.35908026303090584,0.48543389745403187,0.0
0.542831483726632,0.6361401272423058,0.3417452789240882,0.48690370009565603,0.0
0.4613645185406241,0.6372185876473961,0.3597191421767111,0.47657930641279295,0.0
0.4572841410662892,0.5583355203767224,0.399584428686509,0.41913507368532865,0.0
0.4804959978344688,0.4614583642340246,0.43194757267383355,0.33522412771768517,0.0
0.5092580711650163,0.27459565451597967,0.11480068572053342,0.3048094658202699,0.41687864078294345
0.4961552753284163,0.19685178847338683,0.05810825333927134,0.25857666193888024,0.7121914919473132
0.5093879336650498,0.27865051332354007,0.10505906611134681,0.2993855721839181,0.6039206937733635
0.4922878891248338,0.32599934279241627,0.16656739583474753,0.30564917714464396,0.48730247963466694
0.5340909541615677,0.36399873708583974,0.23390980878749099,0.30993901618446335,0.3583523043813886
0.5230458681224514,0.35591944255983704,0.1835676598343812,0.30968881569980616,0.3382240768518417
0.5126961158774425,0.3355315292356613,0.15665108732512434,0.3102462968726764,0.28293524845958873
0.5611354534585861,0.38342576034478687,0.20429212090389823,0.3343533108264006,0.1667714948783895
0.5800334135077729,0.3510354193374799,0.19820500909851158,0.32756147026481824,0.12350222974988381
0.5799769527459746,0.36282623535630815,0.21279522568994694,0.36453936021719335,0.09665329635052196
0.5734039070178218,0.36924964097417007,0.3500468715122761,0.36250450632244907,0.005684649066851695
0.5767746517035021,0.3866686449495364,0.36553947147247057,0.37156568245165283,0.0
0.6204609216892518,0.36945682383138095,0.2834300141135767,0.3645053126768728,0.0
0.5362183572692594,0.4415911947043861,0.2809448234942241,0.41267976961242775,0.0
0.6426749655835368,0.43149956783119325,0.26441560323106944,0.4195392442416066,0.0
0.5484596820210735,0.459215325067728,0.22792751270258646,0.4341129129400297,0.0
0.48892252434649897,0.35535682516683076,0.13184533302798365,0.4167096872342378,0.0
0.5024840312844068,0.4610559877194502,0.23979812210710183,0.46006156983792723,0.0
0.4831179236814424,0.4903848645425381,0.2607590171733,0.471951794384993,0.0
0.49662187112374606,0.4978441558808184,0.31012555148931087,0.47607126239695907,0.0
0.5652519598709105,0.5148844828008158,0.3784053856153554,0.48253181281930246,0.0
0.4954184514766267,0.4345852033256968,0.3908731848575475,0.4662743724512977,0.0
0.5398392999710997,0.22506061784323464,0.3910986913014958,0.32783129336272815,0.0
0.5071103924261331,0.08046494339780184,0.0350903837814511,0.1406796286212735,0.49975688755395414
0.5235966999206891,0.12699910314420965,0.07025307390231422,0.19615533295123194,0.5224905252833678
0.46662320987217704,0.2189614431556662,0.23979179179602456,0.2504077237002292,0.37185783085442736
0.5131317126656635,0.26682787882561665,0.2671061977056205,0.267608685706232,0.22962642773258063
0.5494489387402622,0.26754138734685456,0.1968279236865821,0.2671758615205419,0.17892171032678353
0.578661787565374,0.31106860950569204,0.29353579651276795,0.2978187626321594,0.018183281888068354
0.4953381731167082,0.27734760377868317,0.2822691405560692,0.2971775229390548,0.03091541506725418
0.6591051697259507,0.31969946871730803,0.42561343792283535,0.3285352111147576,0.0
0.5847854376046637,0.31916066737847865,0.39493961738980166,0.3354972221013369,0.0
0.5260712496229878,0.35650564609022606,0.3610471758043634,0.37195675870745887,0.0
0.5566867000979493,0.34150077843274423,0.45119923535651907,0.35747039214700926,0.0
0.525874914506034,0.3510447485994456,0.4567240490018352,0.372947892722522,0.0
0.5686362663740651,0.382947904887456,0.430350746847142,0.39946785466091794,0.0
0.529872718317601,0.35665919284025577,0.39879861893066243,0.3785084700297143,0.0
0.5123469140693147,0.4326959766381815,0.39784626238508836,0.4187625293393368,0.0
0.4566923160528432,0.4182455496880034,0.16768171801004558,0.4480918071491295,0.0
0.473720462295863,0.5299533483043405,0.27790959917463864,0.4891086691700731,0.0
0.525370904240089,0.5294835080393501,0.37893263238867136,0.4898860083573494,0.0
0.5247988721478123,0.5238966690059396,0.3052655205292049,0.4863810963295925,0.0
0.5365210743697283,0.5508753627723152,0.3109929317751478,0.4856329440135094,0.0
0.47284978310597986,0.501603429942826,0.39541692414010204,0.42479495714264737,0.0
0.4730322611129878,0.41748890146583467,0.36186624843042187,0.3290668957235692,0.0
0.5171750929487429,0.25079643427664894,0.0930039511429936,0.2848205660379889,0.4321453565459887
0.49536682906421703,0.1945200386032528,0.059937206208242846,0.2516207947859547,0.7120198035648502
0.5116487745865667,0.28231236554518424,0.1369729785410512,0.2940898433797625,0.5930576255966803
0.5081688368880098,0.3182679320630525,0.19676990039437564,0.2958431143480219,0.4753481914444317
0.5588002623938808,0.33080072466102073,0.22631613948434867,0.29432650491500756,0.3816930622896911
0.5127419700677944,0.3455316116794731,0.21730554202908844,0.2994464628216774,0.31921881727968987
0.5097168912262192,0.34300390968970157,0.1750119841697804,0.3104285330083658,0.28193272074138137
0.5281163590295177,0.36494699830124816,0.2649187915569275,0.3116152680169102,0.14568916350854622
0.5327627259920379,0.33717059187209597,0.16607540668047682,0.30280225903328123,0.12318805318592634
0.49999108895982697,0.3264126718363844,0.15612960578758495,0.3248315123803767,0.09482366930120208
0.5252171034412895,0.4035477699079676,0.2929086916126783,0.3703361192576588,0.0
0.505667502133069,0.3878563154705567,0.29270033038725707,0.3330136256385131,0.09890361961344141
0.49782986212968444,0.20683312644401564,0.039441032295233894,0.2732904981768623,0.6619123617776985
0.5169523574771064,0.34247901380807577,0.08968377949313994,0.33769081632034176,0.5919768614808063
0.5384136175528138,0.3957594208836371,0.16095000030218803,0.3311343027719944,0.44949103888100644
0.5586325892834753,0.3997384491137776,0.18101802547273996,0.3320675314480941,0.32118742653755267
0.5283243367775897,0.40552070771285403,0.2874207012154477,0.3229762980592498,0.23439048864121936
0.5247622280047848,0.4040637058527169,0.3277184606305937,0.32625292410297835,0.19510702139884184
0.558422897587242,0.39307489382605104,0.2804331952177651,0.33427860039491025,0.15551189169896465
0.4540682468434096,0.41686076126131816,0.4510473245426592,0.3322289970313382,0.01639517616602871
0.525663941419171,0.4089675618039148,0.4517313937652573,0.33398490631073374,0.0
0.4909512237053619,0.40659994360290175,0.4270145859870878,0.3359473408880587,0.0
0.5140724657324262,0.4091883646060889,0.4165599778196957,0.338891183172833,0.0
0.5936429130719827,0.38945857487443275,0.3639237285770876,0.34911484826102795,0.0
0.5290090591815991,0.3970381497741599,0.3237812532995322,0.3591127720334548,0.0
0.5254212724449839,0.41173496406072524,0.4177735927560115,0.3770150721929211,0.0
0.5689848182542142,0.44780724207143624,0.3889559127403122,0.404748813710914,0.0
0.46029469193614425,0.39230643253009856,0.19933736563438462,0.4136670278276636,0.0
0.5285623528615849,0.45498028055110257,0.31499225420513727,0.44408843676481113,0.0
0.5085887229363615,0.44189090827296906,0.34707770722046405,0.4313305870173456,0.0
0.5341049876750315,0.46838834686975395,0.34830342414924603,0.44971002080708017,0.0
0.5597043748159584,0.4808104236614963,0.3455106839009566,0.45660431054769857,0.0
0.4913578077339897,0.49628984783077307,0.40743705969783867,0.45920666217681133,0.0
0.559019936429131,0.44411331516130137,0.560999119738819,0.4309911598470311,0.0
0.592617135709876,0.38578738797645656,0.559184258763425,0.37678905418669434,0.0
0.4615242561204952,0.376068942870828,0.5841485729942976,0.36813044407888895,0.0
0.5863175518351034,0.37614754572009834,0.5923749131413276,0.36549972890637616,0.0
0.504679874727076,0.40901682587452265,0.5343567437352386,0.39758978079474133,0.0
0.48217981263802917,0.44422355919676876,0.23593981348643567,0.4451403384295727,0.0
0.5805590923870229,0.5661790086412912,0.30266440387339244,0.50137962695101,0.0
0.5946282625538042,0.5633130703394046,0.40933476753454834,0.49742212780228645,0.0
0.5178745059039802,0.5710853732656282,0.3751845093855138,0.4871381199537343,0.0
0.5080431612339188,0.6459592296340003,0.39185078939491447,0.41664381068587913,0.0
0.5563003549397418,0.6711389720792021,0.277355981852305,0.2750887843605383,0.0
0.5099852966079299,0.5443166751862811,0.38567514402386655,0.36455399337027894,0.05048603329909961
0.5063280097533598,0.3456266625155026,0.12239505742003805,0.35651342018220833,0.4297826456372769
0.49952680634521546,0.23874878086601278,0.05533423388749275,0.299496795039301,0.7143803821816728
0.5267861568657726,0.30388731952633763,0.1178296863532432,0.31710512617266107,0.6005202360594697
0.5158453307809522,0.3318851163831579,0.1727126305165367,0.31071886710203145,0.49057918504318637
0.5298934242604283,0.3493886570081919,0.21251858613577684,0.30946011142999885,0.36498985025520836
0.5014839702891377,0.37334858475916016,0.2470188115427643,0.3170720062414278,0.2860317064455688
0.5482958913841404,0.3511740523018038,0.2088176796602388,0.3199587317547312,0.26459538155234175
0.6171984097786094,0.3609817737486705,0.25798757149653667,0.3290296965124625,0.19400956742698117
0.5050465452617021,0.3452116861604088,0.1935328224888774,0.32086121503255854,0.11396606648012302
0.4866563070343406,0.34326682116499607,0.19778879488152823,0.3474445726876043,0.08497728613730497
0.5422495444761021,0.35585813034242014,0.4172980309003566,0.3480441553583256,0.0
0.6165126369956803,0.40016190734846246,0.3404533152351057,0.3940706971338883,0.0
0.576451008211096,0.38094002773721225,0.4270392817891187,0.36238375512386506,0.0
0.6462224939393348,0.4143341057765071,0.2836938351581002,0.40676052597328816,0.0
0.5285595266200169,0.3910927784116419,0.31456415368541046,0.3863760402347214,0.0
0.5197837128230618,0.38437411995290366,0.2024804666644028,0.39298751381652425,0.0
0.5238057095401422,0.3683085883656135,0.18136700550242255,0.4284720788026233,0.0
0.49843702627847797,0.3926147788303265,0.4884689287121577,0.4445879567302661,0.0
0.5390475928193819,0.43378549147174583,0.3767686074703674,0.465051584603988,0.0
0.49441140086717683,0.45157273502316914,0.3837379296724679,0.47146839082019887,0.0
0.4993007869600795,0.4585523441499282,0.32897617892294323,0.4824688204592535,0.0
0.4604894992598258,0.5301597130547838,0.3172816472478587,0.5093027346261401,0.0
0.42663255840685593,0.5098196086563308,0.30192878204133383,0.49006059911045224,0.0
0.4887587766022331,0.5423497968897849,0.3175093308900549,0.49717272551011316,0.0
0.5262980242586323,0.5086072719111056,0.421071499765137,0.46836632766911185,0.0
0.5269634187577733,0.41810690114796467,0.48074005182600577,0.3378085917321688,0.0
0.5179293722091668,0.4058828231009052,0.45905602960133596,0.2938414335471586,0.1499834803947074
0.49161498972468215,0.24067348127599017,0.04912187705944116,0.28046335779388243,0.6630944336559864
0.5028280607057707,0.3128060201787997,0.06962958088606061,0.33969213943168175,0.596332342506403
0.4660876007547257,0.3754445173666479,0.1609705442744684,0.3390543993026965,0.43247890777035447
0.49395433326674626,0.3538880860988413,0.19686764111464242,0.3264906474159235,0.3372948258758727
0.4987656635795944,0.3792075802228806,0.32513579384269076,0.31609519099703814,0.23352574607216567
0.5643292088792603,0.3919960447519083,0.31416244440824015,0.3120862540435578,0.17768208519936907
0.5622148290777076,0.4019929663154594,0.3671765627843153,0.31197082706863744,0.07672812894403087
0.5805745225757343,0.3681363594513249,0.36498272681417343,0.31693733141693753,0.07481978567372481
0.5309781842363577,0.3718660980767483,0.4290459378872524,0.3083429619212756,0.02092913099534203
0.5109160812833767,0.33161122740552473,0.39260994488090356,0.28184956167517583,0.04161672035338573
0.5208197446170143,0.35888740869994534,0.43259117528767804,0.2819998187968612,0.0
0.5312575978260055,0.3286168582555479,0.19363759551300286,0.2915907215302087,0.024891098162030546
0.5885958586928521,0.3615446882504655,0.24752970036192873,0.3425561178613829,0.0
0.4834177033237138,0.3884932787530371,0.36960009433992497,0.371707701746776,0.0
0.5275461328602822,0.41589007939619643,0.40790885136191035,0.40059987968619054,0.0
0.4889064844271282,0.42185905665740486,0.3953708747642813,0.40648477733247623,0.0
0.46828229999151355,0.4719506072665265,0.4132630015447177,0.44506304120855866,0.0
0.5181800088786386,0.3485669352252534,0.4153499124246132,0.30016612787558433,0.0
0.5088432141757925,0.20348030261462313,0.09460056365533225,0.22615435250589153,0.38164844506727486
0.49486737744386805,0.16100467989775175,0.05108292343631024,0.21350850992579576,0.6856630728186697
0.5016787089754222,0.2406815002584156,0.08261683444255746,0.2549652433671882,0.5812909015092032
0.49471504004535644,0.26493207888073667,0.1385052039025527,0.26036192030581934,0.46121498805190675
0.5397829987500444,0.29476463737881675,0.18915234503871814,0.2704204836742437,0.3450284403117564
0.5252039288555306,0.32189349657246846,0.2693367248131987,0.2670698385910566,0.19747165046962667
0.5168279431286802,0.3130462717299344,0.3001113239974333,0.2770115260651692,0.15311250614753896
0.5476653011020919,0.32170026191681855,0.24542260916775438,0.28689656615167414,0.11670219821167863
0.47425958641485627,0.30207963112276875,0.1644791757138805,0.28971766514896596,0.08437761119294447
0.3456982593192065,0.3376773036928591,0.26264020583661923,0.3604359803795306,0.0025598495444321876
0.4127111003365529,0.3327063576343251,0.375598746222453,0.3213262996330374,0.0
0.5178633216764642,0.35603277612501366,0.3208586164455169,0.2792585599838703,0.15200853370113757
0.4897897801646227,0.20811054832698528,0.040987104343441084,0.24538563501322017,0.6639503862344719
0.5121197221808279,0.28539663411502725,0.08367478917627005,0.29711575167747833,0.593333549019066
0.5254293633092764,0.353273135156727,0.162265878595818,0.3070382397978436,0.44266694252080624
0.4766483724042075,0.38733460486426385,0.22871710043774562,0.3080086095165124,0.2938963622553815
0.5579512314564442,0.3709957653383726,0.25691303392356385,0.2959142849745551,0.2464731582419296
0.5405263212880671,0.37495991340478063,0.37565387997514027,0.30619383459240285,0.17728239435831838
0.35797222295588094,0.3610697488170042,0.37095141279524857,0.3080824314750429,0.1536020082828421
0.5577677643826388,0.362551585223575,0.5191668588442027,0.3039779006732502,0.08393491192309264
0.567231539102745,0.3781339865578248,0.5077672751217813,0.3320192653055405,0.03311268437336139
0.5199389102248099,0.3869411546530932,0.46919066195756964,0.3191129848751593,0.0
0.5298103398939121,0.3706290680236799,0.34758661121226025,0.3200537004336305,0.0
0.590139656433302,0.3943998470495677,0.38215712838055155,0.3469761217006757,0.0
0.5336536355624487,0.3861632719948463,0.37136256468694234,0.34384902217743846,0.0
0.6283589557681187,0.39428503753732297,0.4037806774236549,0.37087348110891677,0.0
0.511555825659726,0.4429238885155197,0.43323819404277825,0.37038828457015,0.0
0.4739754136496653,0.4233982277863659,0.1904742790641714,0.3992755029882221,0.0
0.5249748790614844,0.4546831352242935,0.30603792652569894,0.4228862267005239,0.0
0.49120306660440455,0.44686804777486966,0.3296455517481801,0.4097265541573838,0.0
0.548521363107631,0.5202519253279143,0.38794422262175743,0.43140084962443975,0.0
0.5980343298788229,0.6011429134514106,0.394688591608112,0.40896757407003026,0.0
0.5226005735132359,0.6383897622849973,0.48755711323363604,0.3657371050676938,0.0
0.5343944395015133,0.6434747777010215,0.37343887615840493,0.3635162516899092,0.0
0.5297372769675056,0.6125553491288448,0.39351377049975944,0.39961835387754996,0.0
0.46453725538142787,0.5367382885776001,0.4200472872421034,0.3953216509633336,0.0
0.45371940987223286,0.4433898779789365,0.4148343625673307,0.3307339400002485,0.0
0.47699076549465647,0.4594133761483802,0.5024155671160018,0.3547904363482129,0.0
0.48147752560779417,0.4590152172048117,0.24767879856613684,0.3730703300222772,0.0
0.45700682248536645,0.5249546684547056,0.391598026268005,0.42566111710606497,0.0
0.4745096170247181,0.5641373773098634,0.4445560377083105,0.44556753646915565,0.0
0.49098054050925766,0.5985736114208228,0.4094950367668027,0.43935480224688384,0.0
0.5016800646236307,0.6245532410615815,0.40734453880668314,0.3849941375654827,0.0
0.5206966151384788,0.6479924756047547,0.3520957147946627,0.34849534916729785,0.0
0.5686907711638727,0.43724827646642817,0.39337137159944124,0.36821368447491765,0.0
0.49752042167443794,0.20256653645023073,0.08761185943680551,0.23714533260188486,0.38920420749092927
0.49596847318992715,0.16108378385638725,0.047667959029641715,0.21626693648843207,0.6818083273680602
0.5204855508752863,0.23865079767918865,0.09870795449231215,0.2620490112765613,0.5700268573276687
0.4736978927532241,0.2613099579027465,0.17084021204609018,0.2651873790788047,0.4357691050184788
0.5498653969541835,0.27354856567825364,0.20634810436348863,0.2735488682810155,0.33568976473109374
0.5878906641723525,0.287814978642549,0.20561003729786298,0.27885323776905807,0.2349143685945473
0.5538878113629764,0.2873139458418923,0.19369662831094547,0.3005477065457459,0.1794450379828748
0.5583673564813624,0.3466469069587929,0.3116776911489911,0.29713141410110694,0.10175455511945562
0.4985762883396793,0.15548076731689114,0.03629199431053329,0.22152856501774926,0.6249092884945723
0.5076800615388373,0.2248488695827832,0.06206188099185883,0.269755215689667,0.6482249254388331
0.49484476242581465,0.2993987620035335,0.1265179118290151,0.28873021497390977,0.5147048518855246
0.5139896498474195,0.31526889501990085,0.1898597274074012,0.29257194376372275,0.40376677793078825
0.5249721943312572,0.3306839606430803,0.20783769508817818,0.2923522896496984,0.298858962577133
0.5118562730564569,0.3375701943272331,0.2534558091864599,0.30136006638942897,0.21423925595556986
0.5469309090684766,0.3448554313832398,0.3933785071680168,0.3009352548015878,0.12065040052674168
0.5392010637276866,0.3461074802640641,0.26451805055033945,0.3176799942864443,0.06838899535119201
0.5585504736025528,0.3104846141521633,0.13257236805841663,0.3226321370409312,0.16127917203177186
0.4633031704877926,0.3484080834978557,0.2559262765199039,0.3404373256615488,0.02464820107627368
0.5188973097254803,0.34609956889693094,0.36133584152768405,0.35182606642611447,0.0
0.457087112719616,0.34623523225955394,0.27063795679850705,0.35163290057816565,0.0
0.461115190695125,0.3787573374679432,0.30133390466124277,0.3697340054406067,0.0
0.40376469990599484,0.3825011935327388,0.4059564732083146,0.37029170844969356,0.0
0.43797494652460744,0.41209776300775497,0.43476560707816264,0.3759304258259115,0.0
0.4676136781406177,0.42546029026231097,0.392405856645115,0.3821806748735077,0.0
0.46830559578800013,0.4547921390257855,0.38346055499749204,0.3752894310204461,0.0
0.5150412437470527,0.5224876720895855,0.44238038998291895,0.32714468523977713,0.0
0.4541861981001784,0.5656475046527242,0.4845375610191771,0.22321795198989985,0.0
0.5717410642138198,0.5682988393438602,0.3944784654791683,0.21315325331118415,0.09699939949684773
0.500348398206343,0.5813728679302034,0.4734171704421103,0.195103890139669,0.03537118822980953
0.5585817062452718,0.5805244781545339,0.486540840290772,0.22144413560729395,0.0
0.5344703024455284,0.5891279199632514,0.4686800819113904,0.23949280701984307,0.0
0.531120015793392,0.6085329172637357,0.40148185107725154,0.24554539366283118,0.0
0.581718863857277,0.6179801195506741,0.39378450231132417,0.2438181125359303,0.0
0.541450861724783,0.6163675758450998,0.4259893617229412,0.2605580081906669,0.0
0.5217652180728497,0.623417381806721,0.4134813023454219,0.2819424533516682,0.0
0.5472568902842501,0.6202883217937396,0.41143721955647594,0.28981220890798615,0.0
0.5175598426216039,0.6257299966107068,0.3826827164828398,0.30139497020228184,0.0
0.481035743468074,0.6248653612486872,0.4127485219745305,0.31540536744961944,0.0
0.5354402060894161,0.6132454909729201,0.3766506514842252,0.3495791631207508,0.0
0.534346260348085,0.6336230890745446,0.42222003049972584,0.35423899425718613,0.0
0.47540178565971153,0.6276219190997604,0.41720544367775864,0.36780032006541563,0.0
0.4564994390797536,0.6158571340246475,0.4460626369720616,0.3731888484589809,0.0
0.47769494691825537,0.6732106774897824,0.3613193828805636,0.3615764752799134,0.0
0.5104203969441403,0.6814815344029082,0.349871402243663,0.3675042085625972,0.0
0.494550129113794,0.4639020698284915,0.37580968323674724,0.4048746731625111,0.0
0.5077423466144019,0.21173724507423414,0.0734380677137288,0.27840050630781127,0.38099956823972503
0.49854880921183686,0.15771994057008995,0.04782631278674636,0.23484635908713394,0.6834623899911352
0.5391072891684757,0.27038154655487734,0.07575955838773517,0.30982012798690933,0.571180151600618
0.48005829227080415,0.32471276417688855,0.20021600758862465,0.3287893955613807,0.40397362962377853
0.4286077493494446,0.3521485621059269,0.2573749520782031,0.3406272679445859,0.29856181505022644
0.5560854637933296,0.3683804436628265,0.3496092881298465,0.3460103270053614,0.20785921508987712
0.5193782994682234,0.3539297768807116,0.3030307554028435,0.34966030196997716,0.13952649954199015
0.4829653571256261,0.38709602318347053,0.35033543800449457,0.36785737937320817,0.06398286048337111
0.5562712350130762,0.34630255231592255,0.09989528376730311,0.371395638646866,0.14294329988187174
0.5654387199634293,0.3521568752902499,0.17604319162626283,0.386856886678937,0.042747622657330335
0.3929350485985604,0.3404241963890805,0.25445592656170246,0.3946815984261075,0.014429221777021202
0.5410599642111273,0.4052208929119444,0.4285983963075747,0.42241216481115146,0.0
0.5754278078813628,0.44271624490804495,0.3821990339393652,0.43051917066285256,0.0
0.44692800035683494,0.5031916205528324,0.5066610883063595,0.4494373017465218,0.0
0.5003927075797058,0.5480301406696261,0.40705857851950766,0.4335336914708782,0.0
0.5038238689483158,0.5454530744319717,0.34267794711706295,0.39653339434355434,0.0
0.5554390969304687,0.5285484506930792,0.3375768798069195,0.3905176914798683,0.0
0.5548962509030215,0.5651520108330429,0.4499475946000663,0.3202948392068467,0.0
0.5455254844901155,0.5714719643479081,0.47056688791288664,0.34175874994526134,0.0
0.5389182208803672,0.5649957211689988,0.47647205964583045,0.34432611190328155,0.0
0.5248729042118453,0.5733784328511597,0.5190572379306784,0.36402758286816256,0.0
0.4688622040499927,0.5700572168523775,0.4708672615669403,0.37860430933261924,0.0
0.5180470971453767,0.5757835165288863,0.4864890105284777,0.37832368121942356,0.0
0.4755402510151008,0.5823565178028994,0.4703987914740377,0.3906507154970911,0.0
0.47730206292351246,0.5770763975198216,0.4403616556265667,0.3937115572825807,0.0
0.48143622492388277,0.5832045922518377,0.4418224406296487,0.4022027428309849,0.0
0.4846967371488792,0.5742897438953254,0.503829820713704,0.41858103898368926,0.0
0.5123437297773935,0.5072489701826663,0.5894122523783255,0.4123737271441866,0.0
0.5511949813116223,0.4734945157362913,0.5989877122973482,0.3998066034349548,0.0
0.5872872130109249,0.48816250573563774,0.7007766758377697,0.41501042287286666,0.0
0.5568269257849287,0.5247666493276556,0.5914783685980722,0.429709757010988,0.0
0.46445390830457345,0.5358090709948393,0.5983435888075185,0.432813593061341,0.0
0.4460712530624537,0.566118091093009,0.5798245711028516,0.44316127878983663,0.0
0.46532841809743775,0.5764696850649912,0.524714144607046,0.44602240002395827,0.0
0.504964307313646,0.5608485671088437,0.5247524682374143,0.43806082276279545,0.0
0.44558255307211914,0.5610470023976551,0.5112843433408304,0.44325990043700325,0.0
0.46787845122138105,0.4776390133979169,0.47546401768127344,0.3631497061991864,0.0
0.4428844825572402,0.4768608866850081,0.47990154780903405,0.36297243108418875,0.0
0.4939456887191699,0.23684196822979273,0.07487284911600363,0.31378844259020217,0.6516667683869841
0.48377640223140245,0.28739663576516983,0.11833075169088664,0.3446028527654929,0.6543277242852239
0.48062836201693165,0.35642340667372674,0.20511011215711075,0.3638830267075438,0.5396073916321337
0.3900324785150298,0.3479437218881348,0.33147602174873203,0.3623192066382074,0.44886943467166524
0.48857365001707453,0.3515852631935615,0.41618269760990084,0.3622085744263084,0.3845923011345108
0.44516451807930896,0.33625805171573386,0.3920269853734586,0.3571359301972452,0.3273435161944337
0.5239903182376681,0.3209204535064553,0.33393248506331735,0.35526892493310436,0.28780749142770384
0.5078507495950021,0.33669707620510425,0.5099882341760438,0.362886097263082,0.18356090149706528
0.550790467160961,0.34992472920427575,0.4018576236410597,0.3682716789188927,0.10201183617158271
0.5490416361300138,0.36678223861093384,0.41280207998602825,0.3703446583808347,0.015438286588080767
0.5608898305416484,0.37216021864115867,0.46909610851322747,0.37125443979508854,0.0
0.5778682074352661,0.35078509410999864,0.524291329270451,0.36826620994649284,0.0
0.4328346692522037,0.3515239887565864,0.42594544081483204,0.37338873027960534,0.0
0.45925851444567195,0.3803394107118309,0.5303123683290124,0.38846291910385317,0.0
0.47379562003591646,0.3609396687957571,0.38271647282972915,0.39553377782117083,0.0
0.48481430931879455,0.3497992586679369,0.4988733583810237,0.3945129627023593,0.0
0.5025090738331355,0.3441887849311912,0.31918367126802716,0.39682473387571837,0.0
0.6002303189790388,0.3566257243234958,0.3704564780740248,0.404520875978634,0.0
0.40481660963208205,0.3475973317869155,0.27863430195525424,0.4093681695546201,0.0
0.48900181318383207,0.3775669660853785,0.3394877471213567,0.4224593200411863,0.0
0.5204973068773838,0.39903827821101856,0.238814808157625,0.4105167378021297,0.0
0.4284949498634192,0.5124423004574995,0.4946753227193122,0.3073710790536864,0.0
0.5194352865372449,0.5203778679985482,0.3762279816201081,0.24260865165411682,0.0
0.5783015323083298,0.5116732239348523,0.3295735024764643,0.22963653127395875,0.15887231632341592
0.492550912291536,0.5160587961906613,0.4950114669529751,0.22507925834342807,0.13115610797245908
0.5241577412459703,0.5128673796677107,0.5204552152727542,0.22486767501339855,0.06670433176318238
0.5530019934719642,0.5116143491879949,0.48831908179063593,0.23540735035372018,0.0
0.538111026813052,0.5074932436840622,0.47587391099711346,0.2398096758375614,0.0
0.49503925156430684,0.5116368313995033,0.4989393182029645,0.2623390812281634,0.0
0.564157228066134,0.5134734621087178,0.4526770493958152,0.28429003699134264,0.0
0.5032231160045288,0.5143688235497715,0.4719387027597152,0.30629919524289134,0.0
0.49947746928126546,0.5232408172651513,0.4777545888384182,0.330959938084174,0.0
0.47056023311349476,0.5305550053686504,0.44633098042593006,0.35312091079936847,0.0
0.48974857009187045,0.5582921481204295,0.47866101053578586,0.39066191952531293,0.0
0.5623720883636825,0.5650855634458424,0.30740795151222755,0.44751179683361697,0.0
0.4767894476627443,0.5815202411950993,0.4117432924589757,0.4412212523421628,0.0
0.4988424363869037,0.5580964775707798,0.3955241340842133,0.43489724899218285,0.0
0.5092723079293089,0.5544927690240374,0.40803249176902867,0.4331304602093019,0.0
0.45867515983660057,0.5633851034915127,0.3720690764859275,0.4428477204506918,0.0
0.4711635050870282,0.5696474173957754,0.3632173115591718,0.44789335750756426,0.0
0.4867140049403928,0.5833663714519322,0.36924094021716364,0.4426509185954354,0.0
0.4741976062754622,0.589854926369463,0.375228102896087,0.4470120927586573,0.0
0.4798387299678416,0.579092883820458,0.35242845363446595,0.45688920534872274,0.0
0.4611333501339792,0.5006197633559125,0.46035894647931286,0.37720694505585184,0.0
0.44045031843031196,0.47495882700635195,0.44332592133107074,0.36985475125832523,0.0011816870043759309
0.5007654075403637,0.25004907216246536,0.07434062200466274,0.3199760389565568,0.6529792623489539
0.49339455858257614,0.2852623103737937,0.13843870436917774,0.3393169621821971,0.6607900876748413
0.45930657496787747,0.3419594599086787,0.21088852024927585,0.3462780746784728,0.5421240916327775
0.45378412978308674,0.33078528505423277,0.2911485423253226,0.34641557333963424,0.4670704949925251
0.43286707895622684,0.33375686378112124,0.42055333094430813,0.34123581475761805,0.4025217368263951
0.49368441965674725,0.30360632097285456,0.3792377960708544,0.3363334517631018,0.3750781670403607
0.40194739865734946,0.30169506980037697,0.4347812712337547,0.3385612389723985,0.30378135401983786
0.45136806963138437,0.3294003515187232,0.42810300570128434,0.34625195514381235,0.18925612389916194
0.5617716781585427,0.2917316518298089,0.2602243197565501,0.33451517323807123,0.171110990607315
0.44956290400433746,0.3512069990433542,0.429911899861827,0.35860018569166413,0.021126498652613655
0.6000368442247738,0.32518410718949115,0.4831709796589679,0.35305031937652154,0.0
0.41777843317707036,0.3247231571685034,0.5175926316347276,0.36112268090526667,0.0
0.3748293463472797,0.32704101441809474,0.5045640901018007,0.3664654493718052,0.0
0.5294780939535969,0.37040219666009994,0.4005268706393633,0.3770722541298216,0.0
0.5238735377948228,0.44252026955215906,0.5268407990782547,0.37399514230717495,0.0
0.5085464143428892,0.3375036564490857,0.19774208232522109,0.3815116931192915,0.0
0.5032135475055883,0.38289877790213445,0.27412917294713834,0.40375889608910753,0.0
0.5222027964444006,0.4009467351464084,0.3738829928728332,0.41367759060516657,0.0
0.5344801869063553,0.4365394254427385,0.42823856166189234,0.4231108005695275,0.0
0.48356027198028445,0.4633543418678545,0.4213963926686547,0.41486866171281395,0.0
0.43541074716642447,0.4809669895141917,0.4468825173572041,0.41112655433673423,0.0
